time,latitude,longitude,depth,mag,magType,nst,gap,dmin,rms,net,id,updated,place,type,horizontalError,depthError,magError,magNst,status,locationSource,magSource
2018-06-10T19:15:26.360Z,19.4074993,-155.2666626,0.41,2.75,md,19,64,0.007864,0.14,hv,hv70258762,2018-06-10T19:18:38.230Z,"3km SW of Volcano, Hawaii",earthquake,0.19,0.25,0.24,15,automatic,hv,hv
2018-06-10T19:13:16.370Z,19.4060001,-155.2833405,0.37,2.25,ml,21,62,0.01162,0.14,hv,hv70258757,2018-06-10T19:18:58.240Z,"5km WSW of Volcano, Hawaii",earthquake,0.18,0.15,0.31,11,automatic,hv,hv
2018-06-10T19:05:49.360Z,19.3996658,-155.2598267,0.39,2,ml,16,103,0.006026,0.13,hv,hv70258732,2018-06-10T19:11:28.600Z,"4km SSW of Volcano, Hawaii",earthquake,0.2,0.25,0.23,7,automatic,hv,hv
2018-06-10T19:03:25.160Z,19.4128342,-155.276001,1.14,1.92,md,16,54,0.01196,0.14,hv,hv70258727,2018-06-10T19:06:25.510Z,"4km WSW of Volcano, Hawaii",earthquake,0.26,0.29,0.34,14,automatic,hv,hv
2018-06-10T18:59:24.260Z,19.387167,-155.269165,-0.14,2.03,ml,7,248,0.009188,0.11,hv,hv70258707,2018-06-10T19:05:06.110Z,"5km SW of Volcano, Hawaii",earthquake,0.49,0.3,0.13,3,automatic,hv,hv
2018-06-10T18:57:48.990Z,34.0325,-117.4051667,0.27,1.33,ml,12,122,0.1111,0.31,ci,ci38195184,2018-06-10T19:01:28.887Z,"4km N of Rubidoux, CA",earthquake,1.2,31.61,0.421,29,automatic,ci,ci
2018-06-10T18:54:50.020Z,19.4151669,-155.2769928,-1.11,1.77,ml,9,119,0.00715,0.2,hv,hv70258687,2018-06-10T19:00:32.380Z,"4km WSW of Volcano, Hawaii",earthquake,0.17,0.54,0.5,9,automatic,hv,hv
2018-06-10T18:50:16.860Z,38.9971657,-122.9956665,5.58,1.86,md,13,102,0.04719,0.05,nc,nc73028436,2018-06-10T19:06:01.697Z,"9km SW of Lakeport, CA",earthquake,0.56,0.61,0.11,6,automatic,nc,nc
2018-06-10T18:49:14.040Z,41.0141678,-125.3280029,4.21,,,23,293,0.9966,0.16,nc,nc73028431,2018-06-10T19:15:02.755Z,"100km W of Trinidad, CA",earthquake,4.91,13.87,,,automatic,nc,nc
2018-06-10T18:46:26.970Z,19.4163342,-155.272995,1.11,2.44,ml,30,63,0.009434,0.13,hv,hv70258667,2018-06-10T18:52:08.310Z,"4km WSW of Volcano, Hawaii",earthquake,0.21,0.16,2.14,14,automatic,hv,hv
2018-06-10T18:43:49.560Z,19.3998337,-155.2646637,0.8,2.03,ml,16,82,0.002043,0.15,hv,hv70258662,2018-06-10T18:49:30.650Z,"4km SW of Volcano, Hawaii",earthquake,0.23,0.31,0.66,10,automatic,hv,hv
2018-06-10T18:38:00.560Z,19.4144993,-155.2716675,0.76,1.84,ml,16,52,0.01138,0.21,hv,hv70258642,2018-06-10T18:43:40.770Z,"3km WSW of Volcano, Hawaii",earthquake,0.2,0.23,0.24,9,automatic,hv,hv
2018-06-10T18:37:00.510Z,19.416666,-155.2704926,2.81,2,md,14,58,0.01047,0.14,hv,hv70258637,2018-06-10T18:40:03.210Z,"3km WSW of Volcano, Hawaii",earthquake,0.5,0.59,0.33,10,automatic,hv,hv
2018-06-10T18:27:01.670Z,19.4136658,-155.2783356,0.93,1.93,ml,18,55,0.006736,0.1,hv,hv70258607,2018-06-10T18:32:41.120Z,"4km WSW of Volcano, Hawaii",earthquake,0.25,0.27,0.24,9,automatic,hv,hv
2018-06-10T18:25:04.360Z,19.4063339,-155.2883301,0.24,1.96,md,15,103,0.01196,0.18,hv,hv70258602,2018-06-10T18:28:15.030Z,"5km WSW of Volcano, Hawaii",earthquake,0.22,0.29,0.05,9,automatic,hv,hv
2018-06-10T18:12:26.380Z,36.975,-104.8525,5,2.9,ml,,48,0.156,0.61,us,us1000emsv,2018-06-10T19:13:21.040Z,"37km WNW of Raton, New Mexico",earthquake,1.3,1.9,0.097,14,reviewed,us,us
2018-06-10T18:08:12.423Z,61.5196,-146.4588,30.8,1.2,ml,,,,0.36,ak,ak19754586,2018-06-10T18:13:46.753Z,"43km N of Valdez, Alaska",earthquake,,0.2,,,automatic,ak,ak
2018-06-10T18:07:02.360Z,36.7703,-98.0709,5,2.8,mb_lg,,56,0.116,0.12,us,us1000emst,2018-06-10T18:27:58.314Z,"25km E of Cherokee, Oklahoma",earthquake,1.2,1.8,0.063,65,reviewed,us,us
2018-06-10T17:49:35.190Z,19.4158325,-155.2855072,0.47,2.1,ml,20,61,0.002255,0.12,hv,hv70258492,2018-06-10T17:55:16.720Z,"5km WSW of Volcano, Hawaii",earthquake,0.18,0.15,0.28,8,automatic,hv,hv
2018-06-10T17:47:26.970Z,19.4118328,-155.277832,0.62,1.7,ml,18,60,0.008282,0.21,hv,hv70258487,2018-06-10T17:53:08.520Z,"4km WSW of Volcano, Hawaii",earthquake,0.27,0.25,0.26,9,automatic,hv,hv
2018-06-10T17:46:42.030Z,32.8655014,-117.4365005,-0.5,1.32,ml,15,227,0.893,0.22,ci,ci38195168,2018-06-10T17:48:46.042Z,"15km W of La Jolla, CA",earthquake,2.11,4.85,0.338,5,automatic,ci,ci
2018-06-10T17:45:17.070Z,19.4078331,-155.2741699,0.76,1.86,md,18,57,0.01225,0.1,hv,hv70258477,2018-06-10T17:48:15.730Z,"4km SW of Volcano, Hawaii",earthquake,0.19,0.29,0.5,15,automatic,hv,hv
2018-06-10T17:45:13.550Z,19.6574993,-155.2079926,4.9,2.5,ml,8,339,0.2385,0.14,hv,hv70258482,2018-06-10T17:51:06.160Z,"14km WSW of Hilo, Hawaii",earthquake,16.26,4.74,0.21,5,automatic,hv,hv
2018-06-10T17:45:07.500Z,38.8756676,-122.8258362,2.09,1.18,md,11,184,0.01167,0.04,nc,nc73028426,2018-06-10T18:42:02.554Z,"11km NW of Cobb, CA",earthquake,0.44,0.69,0.2,3,automatic,nc,nc
2018-06-10T17:44:09.240Z,19.4080009,-155.2726593,0.49,1.74,md,19,55,0.01155,0.22,hv,hv70258472,2018-06-10T17:47:03.910Z,"4km SW of Volcano, Hawaii",earthquake,0.22,0.29,0.21,15,automatic,hv,hv
2018-06-10T17:34:42.060Z,19.4708328,-155.1823273,10.06,2,ml,13,325,0.08811,0.13,hv,hv70258437,2018-06-10T17:40:24.100Z,"7km NE of Volcano, Hawaii",earthquake,2.44,3.89,0.07,4,automatic,hv,hv
2018-06-10T17:30:39.250Z,19.4020004,-155.264328,0.75,2.47,ml,23,66,0.00407,0.12,hv,hv70258427,2018-06-10T17:36:20.100Z,"4km SW of Volcano, Hawaii",earthquake,0.22,0.18,0.42,12,automatic,hv,hv
2018-06-10T17:17:24.590Z,33.1696667,-116.5088333,15.71,1.05,ml,32,38,0.1156,0.18,ci,ci38195160,2018-06-10T17:28:24.890Z,"13km NE of Julian, CA",earthquake,0.32,0.62,0.141,27,automatic,ci,ci
2018-06-10T17:17:01.620Z,38.829834,-122.7651672,1.36,0.44,md,10,137,0.003761,0.12,nc,nc73028406,2018-06-10T17:48:01.250Z,"4km WNW of Cobb, CA",earthquake,0.51,0.84,0.06,2,automatic,nc,nc
2018-06-10T17:16:44.270Z,19.416666,-155.2763367,0.63,2.26,ml,28,39,0.007391,0.13,hv,hv70258382,2018-06-10T17:22:25.910Z,"4km WSW of Volcano, Hawaii",earthquake,0.26,0.13,0.3,13,automatic,hv,hv
2018-06-10T17:16:35.917Z,63.5123,-149.6434,104.4,1.8,ml,,,,0.36,ak,ak19754580,2018-06-10T17:22:10.016Z,"37km WNW of Cantwell, Alaska",earthquake,,0.8,,,automatic,ak,ak
2018-06-10T17:10:51.041Z,63.7722,-149.0342,4.6,1.6,ml,,,,0.51,ak,ak19754575,2018-06-10T17:26:37.331Z,"10km SSW of Healy, Alaska",earthquake,,0.3,,,automatic,ak,ak
2018-06-10T17:07:17.830Z,33.511,-116.7901667,4.28,0.53,ml,19,44,0.06995,0.13,ci,ci38195152,2018-06-10T17:10:54.641Z,"10km NE of Aguanga, CA",earthquake,0.21,0.51,0.08,16,automatic,ci,ci
2018-06-10T17:00:59.350Z,19.4096661,-155.2734985,0.56,2.04,ml,21,59,0.01278,0.2,hv,hv70258332,2018-06-10T17:06:41.750Z,"4km WSW of Volcano, Hawaii",earthquake,0.21,0.25,0.29,14,automatic,hv,hv
2018-06-10T17:00:47.760Z,68.2141,-145.7809,0,1.6,ml,,,,0.72,ak,ak19754572,2018-06-10T17:08:35.031Z,"14km NW of Arctic Village, Alaska",earthquake,,0.3,,,automatic,ak,ak
2018-06-10T16:56:47.670Z,19.4046669,-155.2866669,0.6,1.89,ml,21,64,0.01315,0.14,hv,hv70258317,2018-06-10T17:02:33.050Z,"5km WSW of Volcano, Hawaii",earthquake,0.17,0.19,0.25,10,automatic,hv,hv
2018-06-10T16:52:21.060Z,18.0296,-66.7821,12,2.06,md,15,145,0.1113,0.28,pr,pr2018161006,2018-06-10T17:10:57.451Z,"1km NE of Guayanilla, Puerto Rico",earthquake,0.47,0.75,0.29,12,reviewed,pr,pr
2018-06-10T16:26:57.670Z,36.1045,-97.7482,6.15,2.2,mb_lg,,37,0.05,0.17,us,us1000ems5,2018-06-10T19:13:43.040Z,"13km E of Hennessey, Oklahoma",earthquake,1.1,2.2,0.117,19,reviewed,us,us
2018-06-10T16:17:35.010Z,64.696,-149.6226,20,1.1,ml,,,,0.73,ak,ak19753836,2018-06-10T16:32:58.686Z,"27km WNW of North Nenana, Alaska",earthquake,,0.6,,,automatic,ak,ak
2018-06-10T16:16:01.320Z,19.4098339,-155.2543335,0.11,2.57,ml,26,60,0.005692,0.24,hv,hv70258192,2018-06-10T16:21:44.880Z,"2km SW of Volcano, Hawaii",earthquake,0.21,0.25,0.43,15,automatic,hv,hv
2018-06-10T16:11:07.520Z,83.8923,-1.4365,10,4.4,mb,,67,5.365,0.75,us,us1000ems1,2018-06-10T16:57:36.040Z,"North of Svalbard",earthquake,3.8,1.9,0.067,65,reviewed,us,us
2018-06-10T16:10:56.570Z,19.4081669,-155.2793274,0.44,1.7,ml,18,62,0.01046,0.12,hv,hv70258167,2018-06-10T16:16:36.800Z,"5km WSW of Volcano, Hawaii",earthquake,0.17,0.2,0.23,8,automatic,hv,hv
2018-06-10T16:09:13.740Z,34.1043333,-116.9211667,4.77,0.87,ml,13,173,0.01627,0.17,ci,ci38195136,2018-06-10T16:12:45.524Z,"14km NE of Yucaipa, CA",earthquake,0.7,0.53,0.137,15,automatic,ci,ci
2018-06-10T16:01:34.710Z,19.3846664,-155.2716675,3.11,1.82,ml,13,129,0.009665,0.2,hv,hv70258142,2018-06-10T16:07:13.780Z,"6km SW of Volcano, Hawaii",earthquake,0.7,0.73,0.27,5,automatic,hv,hv
2018-06-10T16:00:24.059Z,59.6756,-153.1819,110.7,1.7,ml,,,,0.51,ak,ak19753830,2018-06-10T16:04:51.739Z,"76km W of Anchor Point, Alaska",earthquake,,0.5,,,automatic,ak,ak
2018-06-10T15:59:37.053Z,60.079,-141.301,17.5,1.5,ml,,,,0.73,ak,ak19753829,2018-06-10T16:03:04.774Z,"62km E of Cape Yakataga, Alaska",earthquake,,0.2,,,automatic,ak,ak
2018-06-10T15:58:11.920Z,19.4106674,-155.2740021,0.68,1.91,md,18,54,0.0118,0.18,hv,hv70258132,2018-06-10T16:01:15.190Z,"4km WSW of Volcano, Hawaii",earthquake,0.23,0.31,0.19,14,automatic,hv,hv
2018-06-10T15:50:29.230Z,51.4593,-173.8945,38.19,4,mb,,164,0.766,1,us,us1000emrr,2018-06-10T19:05:20.040Z,"84km SSE of Atka, Alaska",earthquake,5.9,7.8,0.06,76,reviewed,us,us
2018-06-10T15:44:18.480Z,36.4172,29.1268,10,4.3,mb,,107,0.71,1.13,us,us1000emrl,2018-06-10T16:34:44.040Z,"16km S of OEluedeniz, Turkey",earthquake,6.4,1.9,0.177,9,reviewed,us,us
2018-06-10T15:28:46.838Z,61.074,-151.6349,72.7,1.1,ml,,,,0.32,ak,ak19753817,2018-06-10T15:33:31.003Z,"46km NNW of Nikiski, Alaska",earthquake,,1.6,,,automatic,ak,ak
2018-06-10T15:06:53.720Z,38.456,-118.7495,1.9,1.8,ml,12,143.53,1.306,0.19,nn,nn00639016,2018-06-10T15:10:28.389Z,"13km SW of Hawthorne, Nevada",earthquake,,14.4,,,automatic,nn,nn
2018-06-10T15:05:33.480Z,19.4195004,-155.2848358,0.09,2.12,ml,12,57,0.001957,0.11,hv,hv70257947,2018-06-10T15:11:15.370Z,"5km WSW of Volcano, Hawaii",earthquake,0.26,0.18,0.44,11,automatic,hv,hv
2018-06-10T15:04:38.020Z,19.4021664,-155.2568359,0.39,2.15,ml,17,115,0.009518,0.18,hv,hv70257942,2018-06-10T15:10:21.360Z,"3km SSW of Volcano, Hawaii",earthquake,0.25,0.34,0.38,11,automatic,hv,hv
2018-06-10T15:03:41.880Z,19.4046669,-155.2833405,-0.17,1.75,ml,16,63,0.01295,0.24,hv,hv70257937,2018-06-10T15:09:19.130Z,"5km WSW of Volcano, Hawaii",earthquake,0.24,0.29,0.27,8,automatic,hv,hv
2018-06-10T14:58:58.160Z,19.4090004,-155.2773285,0.47,1.84,ml,18,61,0.01073,0.1,hv,hv70257922,2018-06-10T15:04:41.890Z,"4km WSW of Volcano, Hawaii",earthquake,0.16,0.18,0.23,8,automatic,hv,hv
2018-06-10T14:58:14.870Z,-5.9857,146.7101,39.3,4.7,mb,,56,3.97,0.7,us,us1000emr1,2018-06-10T18:30:26.040Z,"86km NNW of Lae, Papua New Guinea",earthquake,8.8,8.1,0.061,80,reviewed,us,us
2018-06-10T14:55:19.480Z,27.2504,143.3736,10,5,mb,,69,1.07,0.57,us,us1000emqz,2018-06-10T15:39:16.040Z,"116km E of Chichi-shima, Japan",earthquake,9,1.8,0.034,281,reviewed,us,us
2018-06-10T14:42:48.170Z,19.4020004,-155.2579956,-0.05,2.07,ml,17,111,0.008457,0.15,hv,hv70257877,2018-06-10T14:48:29.550Z,"3km SSW of Volcano, Hawaii",earthquake,0.21,0.28,0.37,10,automatic,hv,hv
2018-06-10T14:39:08.131Z,58.7576,-153.6037,2.6,1.9,ml,,,,0.73,ak,ak19753080,2018-06-10T14:52:43.176Z,"125km NNW of Kodiak Station, Alaska",earthquake,,0.2,,,automatic,ak,ak
2018-06-10T14:37:11.840Z,19.4523335,-155.2753296,4.78,1.79,ml,10,298,0.02614,0.25,hv,hv70257862,2018-06-10T14:42:52.230Z,"4km WNW of Volcano, Hawaii",earthquake,1.83,1.08,0.25,7,automatic,hv,hv
2018-06-10T14:34:44.640Z,19.4309998,-155.281662,0.34,1.95,ml,6,244,0.007305,0.13,hv,hv70257857,2018-06-10T14:40:26.120Z,"4km W of Volcano, Hawaii",earthquake,0.85,0.5,0.35,11,automatic,hv,hv
2018-06-10T14:13:12.510Z,33.6766667,-116.7483333,17.08,0.8,ml,26,96,0.04813,0.17,ci,ci38195096,2018-06-10T14:53:24.630Z,"8km SSW of Idyllwild, CA",earthquake,0.37,0.53,0.159,25,reviewed,ci,ci
2018-06-10T14:01:42.210Z,19.4448338,-155.2406616,2.63,1.87,ml,14,295,0.02892,0.21,hv,hv70257747,2018-06-10T14:07:23.090Z,"1km N of Volcano, Hawaii",earthquake,1,0.61,0.22,6,automatic,hv,hv
2018-06-10T13:59:59.010Z,19.4056664,-155.2833405,0.3,2.13,ml,9,122,0.01374,0.17,hv,hv70257732,2018-06-10T14:05:48.670Z,"5km WSW of Volcano, Hawaii",earthquake,0.41,0.5,0.35,6,automatic,hv,hv
2018-06-10T13:59:58.030Z,19.4136658,-155.2788391,0.35,1.79,ml,15,60,0.006358,0.15,hv,hv70257727,2018-06-10T14:05:42.700Z,"4km WSW of Volcano, Hawaii",earthquake,0.23,0.3,0.34,8,automatic,hv,hv
2018-06-10T13:56:05.430Z,19.3963337,-155.2969971,-1.14,1.91,ml,9,279,0.02446,0.31,hv,hv70257717,2018-06-10T14:01:49.060Z,"7km WSW of Volcano, Hawaii",earthquake,1.23,0.5,0.33,6,automatic,hv,hv
2018-06-10T13:51:05.874Z,63.4865,-151.2122,2.6,1.2,ml,,,,0.59,ak,ak19753077,2018-06-10T13:58:16.716Z,"113km W of Cantwell, Alaska",earthquake,,0.3,,,automatic,ak,ak
2018-06-10T13:50:13.710Z,34.2321667,-117.4903333,9.22,0.93,ml,17,66,0.02613,0.18,ci,ci38195088,2018-06-10T13:53:48.312Z,"3km SSE of Lytle Creek, CA",earthquake,0.41,0.95,0.253,18,automatic,ci,ci
2018-06-10T13:46:15.300Z,38.8221664,-122.8128357,2.96,0.66,md,19,66,0.002482,0.02,nc,nc73028366,2018-06-10T13:47:53.785Z,"7km NW of The Geysers, CA",earthquake,0.25,0.64,0.28,3,automatic,nc,nc
2018-06-10T13:41:56.557Z,62.1256,-148.0429,21.3,2.1,ml,,,,0.6,ak,ak19753070,2018-06-10T13:50:05.035Z,"56km NE of Sutton-Alpine, Alaska",earthquake,,0.4,,,automatic,ak,ak
2018-06-10T13:40:57.040Z,37.6561661,-118.8368301,0.98,1.13,md,10,137,0.01819,0.04,nc,nc73028361,2018-06-10T16:01:01.695Z,"13km E of Mammoth Lakes, CA",earthquake,0.45,0.66,0.23,9,automatic,nc,nc
2018-06-10T13:40:33.210Z,37.6573334,-118.8391647,1.05,1.41,md,10,130,0.01952,0.05,nc,nc73028356,2018-06-10T15:33:01.544Z,"12km E of Mammoth Lakes, CA",earthquake,0.39,0.98,0.24,9,automatic,nc,nc
2018-06-10T13:25:42.630Z,19.4086666,-155.286499,1.33,1.92,md,17,95,0.009231,0.21,hv,hv70257632,2018-06-10T13:28:59.100Z,"5km WSW of Volcano, Hawaii",earthquake,0.34,0.45,0.21,13,automatic,hv,hv
2018-06-10T13:20:44.580Z,65.8187,-149.8165,5,0.8,ml,,,,0.84,ak,ak19753054,2018-06-10T13:28:10.820Z,"98km NNE of Manley Hot Springs, Alaska",earthquake,,0.4,,,automatic,ak,ak
2018-06-10T13:11:11.030Z,19.4190006,-155.2785034,1.07,1.93,md,15,89,0.005445,0.18,hv,hv70257592,2018-06-10T13:14:13.100Z,"4km WSW of Volcano, Hawaii",earthquake,0.36,0.28,0.09,10,automatic,hv,hv
2018-06-10T13:09:18.880Z,35.6756668,-121.2549973,5.18,1.76,md,16,213,0.03587,0.04,nc,nc73028331,2018-06-10T15:04:01.381Z,"7km WNW of San Simeon, CA",earthquake,0.7,1.15,0.19,11,automatic,nc,nc
2018-06-10T13:07:29.060Z,19.4165001,-155.2944946,7.71,1.72,ml,9,83,0.005448,0.25,hv,hv70257577,2018-06-10T13:13:10.800Z,"6km WSW of Volcano, Hawaii",earthquake,2.13,2.32,0.39,3,automatic,hv,hv
2018-06-10T13:07:16.176Z,60.2561,-151.0303,52.5,1.3,ml,,,,0.3,ak,ak19752344,2018-06-10T13:13:33.714Z,"19km SE of Cohoe, Alaska",earthquake,,1.4,,,automatic,ak,ak
2018-06-10T13:06:49.130Z,33.4938333,-116.4591667,6.35,0.49,ml,16,104,0.08737,0.28,ci,ci38195064,2018-06-10T13:10:31.717Z,"21km ESE of Anza, CA",earthquake,0.57,1.96,0.175,10,automatic,ci,ci
2018-06-10T13:04:04.240Z,38.8193321,-122.7624969,1.63,1.79,md,24,55,0.01254,0.05,nc,nc73028326,2018-06-10T14:38:01.133Z,"3km W of Cobb, CA",earthquake,0.22,0.37,0.07,8,automatic,nc,nc
2018-06-10T12:55:44.550Z,33.66,-116.3925,13.04,0.81,ml,14,265,0.1701,0.23,ci,ci38195056,2018-06-10T12:59:24.795Z,"7km SSW of Palm Desert, CA",earthquake,2.19,1.21,0.164,10,automatic,ci,ci
2018-06-10T12:47:58.010Z,33.3043333,-116.7485,-0.12,0.71,ml,14,109,0.06871,0.27,ci,ci38195048,2018-06-10T12:51:50.893Z,"7km N of Lake Henshaw, CA",earthquake,0.51,31.61,0.381,14,automatic,ci,ci
2018-06-10T12:40:21.150Z,39.5379982,-121.9875031,2.11,1.57,md,5,164,0.2867,0.13,nc,nc73028311,2018-06-10T14:11:00.991Z,"18km E of Willows, CA",earthquake,1.02,11.93,0.39,3,automatic,nc,nc
2018-06-10T12:37:17.400Z,37.658165,-118.8339996,1.3,1.11,md,11,140,0.02023,0.05,nc,nc73028306,2018-06-10T13:42:01.864Z,"13km E of Mammoth Lakes, CA",earthquake,0.39,0.99,0.14,10,automatic,nc,nc
2018-06-10T12:33:35.830Z,19.3773327,-155.239502,2.15,1.72,ml,20,110,0.003888,0.29,hv,hv70257457,2018-06-10T12:39:16.310Z,"5km S of Volcano, Hawaii",earthquake,0.51,0.45,0.3,8,automatic,hv,hv
2018-06-10T12:33:15.819Z,61.4146,-150.0349,33.3,1.3,ml,,,,0.61,ak,ak19752327,2018-06-10T12:40:50.419Z,"12km SSW of Big Lake, Alaska",earthquake,,0.2,,,automatic,ak,ak
2018-06-10T12:32:18.980Z,37.6571655,-118.8346634,1.28,1.07,md,10,140,0.0192,0.03,nc,nc73028296,2018-06-10T13:14:00.685Z,"13km E of Mammoth Lakes, CA",earthquake,0.37,0.81,0.09,9,automatic,nc,nc
2018-06-10T12:30:51.450Z,19.4038334,-155.2598267,0.25,1.79,ml,17,105,0.008211,0.15,hv,hv70257452,2018-06-10T12:36:37.040Z,"3km SW of Volcano, Hawaii",earthquake,0.21,0.29,0.25,7,automatic,hv,hv
2018-06-10T12:12:54.286Z,61.3978,-150.0339,34.2,2.1,ml,,,,0.63,ak,ak19751614,2018-06-10T12:20:43.265Z,"14km SSW of Big Lake, Alaska",earthquake,,0.3,,,automatic,ak,ak
2018-06-10T12:08:51.240Z,38.8216667,-122.80867,0.89,1,md,21,57,0.002045,0.05,nc,nc73028291,2018-06-10T12:46:01.526Z,"7km NW of The Geysers, CA",earthquake,0.19,0.37,0.03,5,automatic,nc,nc
2018-06-10T12:07:09.520Z,33.8596667,-118.2165,2.9,1.22,ml,14,125,0.04013,0.17,ci,ci38195040,2018-06-10T12:10:47.360Z,"4km S of Compton, CA",earthquake,0.4,0.41,0.296,33,automatic,ci,ci
2018-06-10T12:01:09.458Z,62.7108,-149.1656,0.9,1.2,ml,,,,0.48,ak,ak19751612,2018-06-10T12:05:54.175Z,"64km NE of Talkeetna, Alaska",earthquake,,0.5,,,automatic,ak,ak
2018-06-10T11:51:57.850Z,35.6063333,-84.7268333,4.63,2.65,md,21,42,0.2011,0.16,se,se60204617,2018-06-10T15:06:47.231Z,"11km NNE of Decatur, Tennessee",earthquake,0.34,0.82,0.063,14,reviewed,se,se
2018-06-10T11:28:33.760Z,37.5646667,-118.8288345,3.16,1.67,md,19,215,0.02532,0.02,nc,nc73028281,2018-06-10T12:18:00.379Z,"13km W of Toms Place, CA",earthquake,0.63,0.38,0.15,17,automatic,nc,nc
2018-06-10T11:18:03.530Z,19.428833,-155.2855072,-1.12,1.77,ml,7,241,0.008506,0.19,hv,hv70257197,2018-06-10T11:23:48.140Z,"5km W of Volcano, Hawaii",earthquake,0.44,0.69,3.22,7,automatic,hv,hv
2018-06-10T11:14:32.320Z,19.3990002,-155.2636719,0.79,2.51,ml,24,59,0.002352,0.23,hv,hv70257192,2018-06-10T11:20:19.560Z,"4km SW of Volcano, Hawaii",earthquake,0.33,0.36,0.36,11,automatic,hv,hv
2018-06-10T11:10:03.550Z,19.3896675,-155.3175049,0.41,1.85,md,7,289,0.0222,0.1,hv,hv70257177,2018-06-10T11:13:01.690Z,"9km WSW of Volcano, Hawaii",earthquake,0.63,0.57,0.05,5,automatic,hv,hv
2018-06-10T11:00:21.490Z,19.4078331,-155.2590027,0.29,2.49,ml,25,102,0.004311,0.17,hv,hv70257152,2018-06-10T11:06:05.380Z,"3km SW of Volcano, Hawaii",earthquake,0.24,0.23,0.36,9,automatic,hv,hv
2018-06-10T10:51:02.040Z,19.405,-155.281,1,5.3,mww,,,,0.31,us,us1000emnq,2018-06-10T18:38:43.397Z,"5km WSW of Volcano, Hawaii",volcanic eruption,0.7,8.2,0.093,11,reviewed,us,us
2018-06-10T10:50:13.700Z,34.0755,-117.4988333,4.02,0.64,ml,8,123,0.05739,0.16,ci,ci38195032,2018-06-10T10:53:47.814Z,"4km WSW of Fontana, CA",earthquake,0.7,1,0.059,7,automatic,ci,ci
2018-06-10T10:49:12.459Z,57.8876,-153.8329,10.1,2,ml,,,,0.88,ak,ak19750893,2018-06-10T10:52:38.279Z,"39km NNE of Larsen Bay, Alaska",earthquake,,0.7,,,automatic,ak,ak
2018-06-10T10:49:00.100Z,19.4274998,-155.2695007,-0.25,2.8,ml,11,98,0.008099,0.22,hv,hv70257112,2018-06-10T18:51:39.282Z,"3km W of Volcano, Hawaii",earthquake,0.32,0.3,0.24,10,automatic,hv,hv
2018-06-10T10:48:39.810Z,19.432333,-155.2786713,0.21,2.88,ml,22,75,0.007603,0.28,hv,hv70257107,2018-06-10T18:51:13.107Z,"4km W of Volcano, Hawaii",earthquake,0.31,0.3,0.26,10,automatic,hv,hv
2018-06-10T10:47:41.240Z,19.435833,-155.2763367,1.04,2.58,ml,9,129,0.01108,0.13,hv,hv70257102,2018-06-10T10:53:22.640Z,"4km W of Volcano, Hawaii",earthquake,0.63,0.33,0.23,3,automatic,hv,hv
2018-06-10T10:47:21.180Z,19.390667,-155.2741699,0.46,2.61,ml,11,97,0.004703,0.23,hv,hv70257097,2018-06-10T10:53:03.270Z,"5km SW of Volcano, Hawaii",earthquake,0.39,0.39,0.49,3,automatic,hv,hv
2018-06-10T10:42:56.540Z,19.3963337,-155.2753296,0.78,3.93,ml,56,40,0.001859,0.32,hv,hv70257087,2018-06-10T16:50:12.138Z,"5km SW of Volcano, Hawaii",earthquake,0.29,0.17,3.93,36,automatic,hv,hv
2018-06-10T10:42:45.810Z,19.4001675,-155.2683258,0.61,3.93,ml,20,68,0.002891,0.17,hv,hv70257082,2018-06-10T18:45:26.326Z,"4km SW of Volcano, Hawaii",earthquake,0.27,0.33,3.8,35,automatic,hv,hv
2018-06-10T10:42:02.080Z,19.3929996,-155.2839966,-1.14,2.47,ml,11,108,0.01005,0.34,hv,hv70257077,2018-06-10T10:47:41.440Z,"6km SW of Volcano, Hawaii",earthquake,0.47,0.51,0.22,4,automatic,hv,hv
2018-06-10T10:39:36.460Z,19.4096661,-155.2579956,1.12,2.35,ml,18,142,0.002992,0.21,hv,hv70257072,2018-06-10T10:45:18.950Z,"3km SW of Volcano, Hawaii",earthquake,0.38,0.29,0.21,5,automatic,hv,hv
2018-06-10T10:39:18.700Z,19.387167,-155.2810059,-0.14,2.23,ml,9,115,0.0009204,0.17,hv,hv70257067,2018-06-10T10:44:56.150Z,"6km SW of Volcano, Hawaii",earthquake,0.43,0.4,0.27,7,automatic,hv,hv
2018-06-10T10:37:23.290Z,46.198,-122.197,3.09,0.53,ml,6,115,0.02271,0.05,uw,uw61384102,2018-06-10T15:59:58.420Z,"37km NNE of Amboy, Washington",earthquake,0.67,1.41,0.218,6,reviewed,uw,uw
2018-06-10T10:36:45.230Z,19.4249992,-155.2601624,-1.16,2.13,ml,9,139,0.002085,0.21,hv,hv70257057,2018-06-10T10:42:27.620Z,"2km WSW of Volcano, Hawaii",earthquake,0.44,0.35,0.38,7,automatic,hv,hv
2018-06-10T10:36:44.330Z,19.4198341,-155.2749939,0.8,2.01,ml,22,44,0.005475,0.29,hv,hv70257062,2018-06-10T10:42:33.910Z,"4km WSW of Volcano, Hawaii",earthquake,0.41,0.23,0.22,10,automatic,hv,hv
2018-06-10T10:35:46.367Z,61.5127,-146.4059,28.3,1.6,ml,,,,0.67,ak,ak19750890,2018-06-10T10:39:39.136Z,"42km N of Valdez, Alaska",earthquake,,0.2,,,automatic,ak,ak
2018-06-10T10:34:10.050Z,19.4003334,-155.2661591,0.62,2.7,ml,17,65,0.002084,0.16,hv,hv70257052,2018-06-10T10:39:54.720Z,"4km SW of Volcano, Hawaii",earthquake,0.26,0.27,0.41,8,automatic,hv,hv
2018-06-10T10:31:16.636Z,65.8553,-156.3724,4.7,1.4,ml,,,,0.71,ak,ak19750888,2018-06-10T10:36:04.863Z,"119km S of Kobuk, Alaska",earthquake,,0.3,,,automatic,ak,ak
2018-06-10T10:26:41.530Z,19.4115009,-155.264328,0.79,2.63,ml,22,42,0.004241,0.15,hv,hv70257012,2018-06-10T10:32:22.650Z,"3km SW of Volcano, Hawaii",earthquake,0.22,0.16,0.42,16,automatic,hv,hv
2018-06-10T10:25:01.850Z,19.4121666,-155.2608337,0.57,2.66,ml,35,55,0.0009064,0.24,hv,hv70257007,2018-06-10T10:30:43.300Z,"3km SW of Volcano, Hawaii",earthquake,0.3,0.16,2.62,26,automatic,hv,hv
2018-06-10T10:24:22.900Z,19.4041672,-155.2858276,-0.02,2.72,ml,25,63,0.01352,0.2,hv,hv70257002,2018-06-10T10:30:04.870Z,"5km WSW of Volcano, Hawaii",earthquake,0.15,0.19,0.53,18,automatic,hv,hv
2018-06-10T10:22:34.530Z,34.0051667,-117.1758333,12.26,1.03,ml,9,184,0.1135,0.26,ci,ci38195024,2018-06-10T10:26:05.224Z,"6km S of Redlands, CA",earthquake,2.87,3.15,0.183,14,automatic,ci,ci
2018-06-10T10:21:51.850Z,39.4221649,-122.0916672,1.92,1.52,md,8,121,0.2933,0.36,nc,nc73028246,2018-06-10T11:35:01.945Z,"14km SE of Willows, CA",earthquake,1.9,24.5,0.17,6,automatic,nc,nc
2018-06-10T10:16:58.220Z,19.4034996,-155.2716675,1.81,2.51,ml,11,131,0.00746,0.14,hv,hv70256992,2018-06-10T10:22:40.010Z,"4km SW of Volcano, Hawaii",earthquake,0.4,0.28,0.26,8,automatic,hv,hv
2018-06-10T10:15:14.870Z,19.3848324,-155.2684937,0.8,2.27,ml,12,86,0.01259,0.37,hv,hv70256987,2018-06-10T10:21:01.910Z,"6km SSW of Volcano, Hawaii",earthquake,0.64,0.39,0.48,8,automatic,hv,hv
2018-06-10T10:15:13.740Z,19.3964996,-155.2704926,0.45,2.74,ml,21,57,0.00318,0.15,hv,hv70256982,2018-06-10T10:20:54.470Z,"5km SW of Volcano, Hawaii",earthquake,0.18,0.22,0.48,13,automatic,hv,hv
2018-06-10T10:14:19.340Z,19.3966675,-155.2716675,2.14,1.94,ml,12,127,0.002269,0.13,hv,hv70256977,2018-06-10T10:20:05.340Z,"5km SW of Volcano, Hawaii",earthquake,0.51,0.52,0.32,7,automatic,hv,hv
2018-06-10T10:13:43.570Z,47.6065,-122.633,19.55,0.74,ml,4,305,0.1201,0.06,uw,uw61384097,2018-06-10T15:55:43.860Z,"1km E of Tracyton, Washington",earthquake,1.35,31.61,0.039,2,reviewed,uw,uw
2018-06-10T10:12:34.450Z,19.3880005,-155.2765045,0.3,2.35,ml,15,100,0.005131,0.25,hv,hv70256972,2018-06-10T10:18:14.450Z,"6km SW of Volcano, Hawaii",earthquake,0.29,0.32,0.56,13,automatic,hv,hv
2018-06-10T10:11:48.285Z,59.7633,-136.6836,0,1.9,ml,,,,0.89,ak,ak19750881,2018-06-10T10:18:49.174Z,"84km WNW of Skagway, Alaska",earthquake,,0.3,,,automatic,ak,ak
2018-06-10T10:10:40.630Z,19.4160004,-155.2714996,1.01,2.6,ml,28,54,0.01043,0.16,hv,hv70256967,2018-06-10T10:16:19.030Z,"3km WSW of Volcano, Hawaii",earthquake,0.28,0.2,0.32,14,automatic,hv,hv
2018-06-10T10:07:33.050Z,19.4130001,-155.260498,0.45,2.59,ml,24,99,0.001081,0.3,hv,hv70256962,2018-06-10T10:13:12.010Z,"3km SW of Volcano, Hawaii",earthquake,0.29,0.25,2.06,23,automatic,hv,hv
2018-06-10T10:07:07.580Z,19.3994999,-155.2591705,0.67,2.63,ml,12,75,0.006597,0.23,hv,hv70256957,2018-06-10T10:12:47.470Z,"4km SSW of Volcano, Hawaii",earthquake,0.48,0.52,0.57,19,automatic,hv,hv
2018-06-10T10:07:02.150Z,36.1626663,-120.7724991,-0.2,1.69,md,10,146,0.058,0.14,nc,nc73028221,2018-06-10T11:06:01.672Z,"20km NE of San Ardo, CA",earthquake,1.18,10.49,0.11,6,automatic,nc,nc
2018-06-10T10:05:47.920Z,19.4015007,-155.277832,0,2.28,ml,8,238,0.01713,0.2,hv,hv70256952,2018-06-10T10:11:28.430Z,"5km SW of Volcano, Hawaii",earthquake,0.45,0.49,0.36,6,automatic,hv,hv
2018-06-10T10:03:23.410Z,19.3869991,-155.280838,0.82,2.15,ml,11,97,0.0009494,0.21,hv,hv70256947,2018-06-10T10:09:02.930Z,"6km SW of Volcano, Hawaii",earthquake,0.33,0.53,0.48,7,automatic,hv,hv
2018-06-10T09:59:34.800Z,19.3961658,-155.2798309,1.12,2.44,ml,10,177,0.005895,0.1,hv,hv70256937,2018-06-10T10:05:17.310Z,"5km SW of Volcano, Hawaii",earthquake,0.48,0.18,0.28,10,automatic,hv,hv
2018-06-10T09:57:34.080Z,19.4099998,-155.2669983,1.19,1.87,ml,19,64,0.007035,0.15,hv,hv70256927,2018-06-10T10:03:14.690Z,"3km SW of Volcano, Hawaii",earthquake,0.19,0.17,0.2,9,automatic,hv,hv
2018-06-10T09:57:15.380Z,33.2523333,-116.823,12.75,0.79,ml,25,69,0.05625,0.14,ci,ci38195008,2018-06-10T14:54:28.110Z,"6km WNW of Lake Henshaw, CA",earthquake,0.22,0.58,0.1,20,reviewed,ci,ci
2018-06-10T09:54:18.570Z,19.4068336,-155.2696686,0.82,2.39,ml,13,71,0.01062,0.11,hv,hv70256922,2018-06-10T09:59:59.540Z,"4km SW of Volcano, Hawaii",earthquake,0.19,0.27,0.33,3,automatic,hv,hv
2018-06-10T09:52:44.610Z,19.383667,-155.3265076,8.69,2.49,ml,13,295,0.03133,0.34,hv,hv70256907,2018-06-10T09:58:25.390Z,"10km WSW of Volcano, Hawaii",earthquake,2.24,1.45,0.35,7,automatic,hv,hv
2018-06-10T09:51:20.990Z,19.4298325,-155.2543335,1.98,1.88,md,8,274,0.009196,0.25,hv,hv70256902,2018-06-10T09:54:29.660Z,"1km W of Volcano, Hawaii",earthquake,4.59,2.17,0.14,3,automatic,hv,hv
2018-06-10T09:49:33.140Z,19.4111671,-155.2695007,0.79,2.17,ml,22,49,0.009129,0.11,hv,hv70256897,2018-06-10T09:55:14.650Z,"3km WSW of Volcano, Hawaii",earthquake,0.16,0.15,0.26,12,automatic,hv,hv
2018-06-10T09:48:24.700Z,-21.0516,-178.7259,554.03,4.4,mb,,145,4.479,0.93,us,us1000emmt,2018-06-10T10:12:05.040Z,"44km S of Ndoi Island, Fiji",earthquake,8,9.4,0.099,29,reviewed,us,us
2018-06-10T09:48:10.660Z,19.4266663,-155.2709961,2.04,2.29,ml,15,90,0.003154,0.18,hv,hv70256892,2018-06-10T09:53:53.420Z,"3km W of Volcano, Hawaii",earthquake,0.46,0.26,0.27,8,automatic,hv,hv
2018-06-10T09:44:25.780Z,18.159,-67.4263,16,2.44,md,9,287,0.2874,0.35,pr,pr2018161005,2018-06-10T12:22:59.349Z,"26km WNW of Puerto Real, Puerto Rico",earthquake,1.64,1.25,0.37,8,reviewed,pr,pr
2018-06-10T09:44:04.450Z,19.4104996,-155.2743378,1.08,2.81,ml,39,38,0.01165,0.21,hv,hv70256887,2018-06-10T09:49:42.830Z,"4km WSW of Volcano, Hawaii",earthquake,0.32,0.16,2.9,30,automatic,hv,hv
2018-06-10T09:40:53.530Z,19.4155006,-155.280838,0.69,2.89,ml,45,32,0.003753,0.28,hv,hv70256877,2018-06-10T09:46:43.010Z,"4km WSW of Volcano, Hawaii",earthquake,0.27,0.18,2.97,28,automatic,hv,hv
2018-06-10T09:39:35.760Z,19.3966675,-155.280838,0.63,2.42,ml,20,76,0.006914,0.25,hv,hv70256867,2018-06-10T09:45:17.620Z,"5km SW of Volcano, Hawaii",earthquake,0.23,0.28,0.41,16,automatic,hv,hv
2018-06-10T09:37:21.490Z,19.4141674,-155.2768402,-0.41,2.67,ml,14,134,0.007681,0.17,hv,hv70256857,2018-06-10T09:43:02.210Z,"4km WSW of Volcano, Hawaii",earthquake,0.28,0.21,0.33,9,automatic,hv,hv
2018-06-10T09:35:05.560Z,19.4018326,-155.2779999,0.93,2.33,ml,23,55,0.007633,0.22,hv,hv70256852,2018-06-10T09:40:47.870Z,"5km SW of Volcano, Hawaii",earthquake,0.31,0.34,0.29,13,automatic,hv,hv
2018-06-10T09:31:55.260Z,19.4136658,-155.2618408,2.24,2.12,ml,15,98,0.002429,0.12,hv,hv70256842,2018-06-10T09:37:35.110Z,"3km SW of Volcano, Hawaii",earthquake,0.39,0.56,0.15,5,automatic,hv,hv
2018-06-10T09:28:44.110Z,19.4208336,-155.2896729,0.49,2.42,ml,21,69,0.001412,0.27,hv,hv70256837,2018-06-10T09:34:29.960Z,"5km WSW of Volcano, Hawaii",earthquake,0.37,0.17,0.33,13,automatic,hv,hv
2018-06-10T09:27:07.600Z,19.4033337,-155.2626648,0.63,2.58,ml,19,57,0.00598,0.14,hv,hv70256832,2018-06-10T09:32:47.650Z,"4km SW of Volcano, Hawaii",earthquake,0.18,0.23,0.48,13,automatic,hv,hv
2018-06-10T09:26:55.790Z,33.5143333,-116.8001667,2.62,0.38,ml,21,70,0.07315,0.18,ci,ci38195000,2018-06-10T14:54:23.455Z,"10km NE of Aguanga, CA",earthquake,0.28,0.43,0.162,13,reviewed,ci,ci
2018-06-10T09:26:47.880Z,48.4863333,-122.4588333,20.19,1.51,ml,16,84,0.229,0.37,uw,uw61384067,2018-06-10T19:00:18.500Z,"9km W of Burlington, Washington",earthquake,0.75,3.38,0.128,7,reviewed,uw,uw
2018-06-10T09:26:23.330Z,19.3990002,-155.2648315,0.86,2.22,ml,15,116,0.009068,0.18,hv,hv70256827,2018-06-10T09:32:02.420Z,"4km SW of Volcano, Hawaii",earthquake,0.31,0.32,0.34,10,automatic,hv,hv
2018-06-10T09:25:28.290Z,33.518,-116.8006667,2.3,0.16,ml,12,134,0.07096,0.14,ci,ci38194992,2018-06-10T14:54:32.402Z,"10km NE of Aguanga, CA",earthquake,0.32,0.45,0.107,4,reviewed,ci,ci
2018-06-10T09:23:44.830Z,19.4036674,-155.2711639,-0.41,2.46,ml,27,53,0.007252,0.32,hv,hv70256817,2018-06-10T09:29:25.170Z,"4km SW of Volcano, Hawaii",earthquake,0.26,0.33,0.32,13,automatic,hv,hv
2018-06-10T09:22:50.540Z,33.504,-116.8006667,3.43,1.78,ml,74,30,0.08094,0.23,ci,ci38194984,2018-06-10T14:55:34.720Z,"9km NE of Aguanga, CA",earthquake,0.18,0.67,0.13,26,reviewed,ci,ci
2018-06-10T09:22:07.890Z,19.4171658,-155.2418365,1.8,2,ml,11,186,0.01776,0.15,hv,hv70256812,2018-06-10T09:27:48.180Z,"1km SSW of Volcano, Hawaii",earthquake,0.6,0.5,0.15,4,automatic,hv,hv
2018-06-10T09:17:12.170Z,19.4069996,-155.2896729,-0.23,2.15,ml,9,199,0.01184,0.11,hv,hv70256802,2018-06-10T09:22:52.320Z,"6km WSW of Volcano, Hawaii",earthquake,0.36,0.24,0.25,4,automatic,hv,hv
2018-06-10T09:15:40.160Z,19.4139996,-155.2718353,1.86,2.25,ml,22,49,0.01145,0.26,hv,hv70256797,2018-06-10T09:21:21.420Z,"4km WSW of Volcano, Hawaii",earthquake,0.44,0.33,0.24,12,automatic,hv,hv
2018-06-10T09:11:50.210Z,19.4006672,-155.267334,0.65,2.81,ml,29,55,0.002708,0.33,hv,hv70256792,2018-06-10T09:17:30.700Z,"4km SW of Volcano, Hawaii",earthquake,0.31,0.23,0.37,8,automatic,hv,hv
2018-06-10T09:09:29.980Z,19.4004993,-155.2675018,0.06,2.61,ml,43,36,0.00264,0.26,hv,hv70256787,2018-06-10T09:15:13.400Z,"4km SW of Volcano, Hawaii",earthquake,0.23,0.2,2.67,26,automatic,hv,hv
2018-06-10T09:04:51.520Z,19.4181671,-155.2646637,0.53,1.91,ml,8,258,0.009311,0.15,hv,hv70256772,2018-06-10T09:10:32.820Z,"3km WSW of Volcano, Hawaii",earthquake,1.58,0.33,0.42,4,automatic,hv,hv
2018-06-10T09:03:41.440Z,19.4016666,-155.2741699,3.36,2.15,ml,8,173,0.006285,0.07,hv,hv70256767,2018-06-10T09:09:23.280Z,"5km SW of Volcano, Hawaii",earthquake,1.77,1.22,0.28,8,automatic,hv,hv
2018-06-10T09:03:23.380Z,19.4136658,-155.279007,0.39,2,ml,15,83,0.006236,0.19,hv,hv70256762,2018-06-10T09:09:06.410Z,"4km WSW of Volcano, Hawaii",earthquake,0.27,0.24,0.2,10,automatic,hv,hv
2018-06-10T08:57:41.110Z,19.3964996,-155.2754974,0.63,2.25,ml,10,153,0.002081,0.17,hv,hv70256752,2018-06-10T09:03:21.270Z,"5km SW of Volcano, Hawaii",earthquake,0.41,0.34,0.57,10,automatic,hv,hv
2018-06-10T08:53:51.840Z,19.4036674,-155.2668304,0.86,2.88,ml,37,53,0.005449,0.25,hv,hv70256737,2018-06-10T11:00:31.944Z,"4km SW of Volcano, Hawaii",earthquake,0.25,0.14,2.64,26,automatic,hv,hv
2018-06-10T08:52:26.510Z,19.4150009,-155.2763367,1.05,2.89,ml,37,39,0.007788,0.14,hv,hv70256732,2018-06-10T08:58:06.900Z,"4km WSW of Volcano, Hawaii",earthquake,0.21,0.12,2.27,19,automatic,hv,hv
2018-06-10T08:51:12.690Z,19.4221668,-155.2753296,1.42,2.93,ml,12,94,0.003343,0.29,hv,hv70256727,2018-06-10T08:56:52.110Z,"4km WSW of Volcano, Hawaii",earthquake,0.73,0.3,0.19,8,automatic,hv,hv
2018-06-10T08:48:31.150Z,19.4048328,-155.2630005,0.76,3.21,ml,50,36,0.007154,0.38,hv,hv70256722,2018-06-10T08:56:37.040Z,"3km SW of Volcano, Hawaii",earthquake,0.31,0.21,3.29,29,automatic,hv,hv
2018-06-10T08:47:17.350Z,19.4006672,-155.2783356,0.54,2.56,ml,31,50,0.006885,0.24,hv,hv70256707,2018-06-10T08:52:58.510Z,"5km SW of Volcano, Hawaii",earthquake,0.24,0.24,0.34,16,automatic,hv,hv
2018-06-10T08:46:42.177Z,63.2677,-151.1311,0,1.2,ml,,,,0.62,ak,ak19749503,2018-06-10T08:54:08.502Z,"110km W of Cantwell, Alaska",earthquake,,0.4,,,automatic,ak,ak
2018-06-10T08:46:03.510Z,19.3431664,-155.3078308,2.25,2.51,ml,10,193,0.04969,0.14,hv,hv70256702,2018-06-10T08:51:44.440Z,"12km SW of Volcano, Hawaii",earthquake,0.89,1.5,0.28,5,automatic,hv,hv
2018-06-10T08:44:25.050Z,19.4141674,-155.2873383,0.52,2.69,ml,26,35,0.004631,0.22,hv,hv70256697,2018-06-10T08:50:05.550Z,"5km WSW of Volcano, Hawaii",earthquake,0.24,0.17,0.41,9,automatic,hv,hv
2018-06-10T08:43:30.890Z,19.4066658,-155.2813263,0.28,2.18,ml,20,85,0.01125,0.19,hv,hv70256692,2018-06-10T08:49:10.070Z,"5km WSW of Volcano, Hawaii",earthquake,0.28,0.2,0.29,8,automatic,hv,hv
2018-06-10T08:39:24.930Z,37.8788338,-122.2578354,8.88,1.29,md,19,63,0.007198,0.07,nc,nc73028191,2018-06-10T09:57:02.287Z,"2km ENE of Berkeley, CA",earthquake,0.29,0.43,0.12,15,automatic,nc,nc
2018-06-10T08:37:36.950Z,19.3948326,-155.2734985,0.69,2.51,ml,21,75,0.0005498,0.16,hv,hv70256687,2018-06-10T08:43:17.860Z,"5km SW of Volcano, Hawaii",earthquake,0.28,0.13,0.36,14,automatic,hv,hv
2018-06-10T08:37:07.040Z,19.4216671,-155.2571716,6.41,2.46,ml,7,166,0.003809,0.13,hv,hv70256682,2018-06-10T08:42:46.490Z,"2km WSW of Volcano, Hawaii",earthquake,1.42,0.87,0.36,11,automatic,hv,hv
2018-06-10T08:36:08.380Z,19.4041672,-155.2680054,1.35,2.11,ml,15,77,0.006182,0.21,hv,hv70256677,2018-06-10T08:41:48.050Z,"4km SW of Volcano, Hawaii",earthquake,0.34,0.41,0.19,7,automatic,hv,hv
2018-06-10T08:35:05.920Z,62.4138,-150.2136,65.4,1.3,ml,,,,0.51,ak,ak19749502,2018-06-10T08:39:22.580Z,"11km NNW of Talkeetna, Alaska",earthquake,,2.1,,,automatic,ak,ak
2018-06-10T08:34:59.150Z,19.3851662,-155.2728271,1.21,2,ml,18,63,0.008499,0.22,hv,hv70256667,2018-06-10T08:40:40.120Z,"6km SW of Volcano, Hawaii",earthquake,0.39,0.3,0.32,8,automatic,hv,hv
2018-06-10T08:31:32.620Z,19.4066658,-155.2653351,0.31,2.07,ml,11,154,0.007458,0.18,hv,hv70256657,2018-06-10T08:37:12.850Z,"3km SW of Volcano, Hawaii",earthquake,0.46,0.37,0.22,4,automatic,hv,hv
2018-06-10T08:31:01.360Z,19.4091663,-155.2863312,1.05,2,ml,16,73,0.00871,0.28,hv,hv70256652,2018-06-10T08:36:43.230Z,"5km WSW of Volcano, Hawaii",earthquake,0.42,0.39,0.35,10,automatic,hv,hv
2018-06-10T08:26:10.530Z,17.9356,-66.017,12,1.8,md,4,248,0.0946,0.1,pr,pr2018161003,2018-06-10T11:28:49.473Z,"5km SE of Arroyo, Puerto Rico",earthquake,1.1,0.44,0.5,4,reviewed,pr,pr
2018-06-10T08:25:05.500Z,19.4109993,-155.279007,1.27,2.25,ml,19,53,0.008186,0.16,hv,hv70256642,2018-06-10T08:30:47.060Z,"4km WSW of Volcano, Hawaii",earthquake,0.41,0.24,0.23,5,automatic,hv,hv
2018-06-10T08:23:11.050Z,19.3936672,-155.2818298,3.85,2.04,ml,13,128,0.007099,0.14,hv,hv70256637,2018-06-10T08:28:51.420Z,"6km SW of Volcano, Hawaii",earthquake,1.49,1.31,2.58,8,automatic,hv,hv
2018-06-10T08:21:28.580Z,6.6905,126.259,72.1,4.5,mb,,106,0.773,0.51,us,us1000eml5,2018-06-10T08:48:01.040Z,"17km SSW of Tamisan, Philippines",earthquake,9,6.8,0.068,63,reviewed,us,us
2018-06-10T08:20:20.010Z,19.2976665,-155.1894989,8.39,2.39,ml,17,216,0.0796,0.26,hv,hv70256632,2018-06-10T08:25:59.340Z,"15km SSE of Volcano, Hawaii",earthquake,0.98,0.94,2.76,7,automatic,hv,hv
2018-06-10T08:17:20.850Z,19.4191666,-155.2666626,1.71,2.23,ml,15,62,0.006633,0.13,hv,hv70256622,2018-06-10T16:20:04.543Z,"3km WSW of Volcano, Hawaii",earthquake,0.4,0.48,0.27,3,automatic,hv,hv
2018-06-10T08:15:40.990Z,19.4101658,-155.2799988,0.76,2,ml,16,63,0.008401,0.13,hv,hv70256617,2018-06-10T08:21:22.600Z,"4km WSW of Volcano, Hawaii",earthquake,0.23,0.33,0.24,8,automatic,hv,hv
2018-06-10T08:15:28.490Z,19.3188324,-155.1896667,2.12,2.62,ml,27,103,0.04991,0.25,hv,hv70256612,2018-06-10T08:21:11.410Z,"13km SSE of Volcano, Hawaii",earthquake,0.44,0.85,0.43,9,automatic,hv,hv
2018-06-10T08:14:32.180Z,39.2731667,-123.2298355,2.84,1.8,md,8,98,0.08715,0.06,nc,nc73028186,2018-06-10T09:31:02.152Z,"2km WNW of Redwood Valley, CA",earthquake,0.41,4.3,0.19,8,automatic,nc,nc
2018-06-10T08:11:08.940Z,38.8260002,-122.7976685,2.41,0.89,md,10,70,0.01003,0.01,nc,nc73028181,2018-06-10T09:03:03.014Z,"6km W of Cobb, CA",earthquake,0.38,0.83,,1,automatic,nc,nc
2018-06-10T08:10:24.150Z,19.4220009,-155.2725067,0.95,2.17,ml,20,53,0.005521,0.16,hv,hv70256602,2018-06-10T08:16:07.890Z,"3km WSW of Volcano, Hawaii",earthquake,0.21,0.15,0.15,9,automatic,hv,hv
2018-06-10T08:07:09.500Z,19.4021664,-155.2669983,1.63,2.47,ml,20,45,0.004009,0.23,hv,hv70256587,2018-06-10T08:12:48.410Z,"4km SW of Volcano, Hawaii",earthquake,0.35,0.31,0.4,12,automatic,hv,hv
2018-06-10T08:04:32.810Z,19.3968334,-155.2584991,0.42,2.54,ml,22,95,0.007247,0.26,hv,hv70256577,2018-06-10T08:10:23.310Z,"4km SSW of Volcano, Hawaii",earthquake,0.28,0.23,0.34,13,automatic,hv,hv
2018-06-10T08:03:05.170Z,19.4031658,-155.2651672,2.02,2.49,ml,24,56,0.004966,0.29,hv,hv70256572,2018-06-10T08:08:46.920Z,"4km SW of Volcano, Hawaii",earthquake,0.33,0.33,0.36,13,automatic,hv,hv
2018-06-10T08:02:22.760Z,19.1885,-66.5165,35,2.76,md,8,299,0.7115,0.24,pr,pr2018161004,2018-06-10T12:22:37.821Z,"80km N of Tierras Nuevas Poniente, Puerto Rico",earthquake,1.65,7.84,0.39,6,reviewed,pr,pr
2018-06-10T07:59:14.200Z,19.4115009,-155.2611694,4.19,1.7,ml,7,160,0.001352,0.09,hv,hv70256567,2018-06-10T08:04:53.870Z,"3km SW of Volcano, Hawaii",earthquake,0.89,0.8,0.29,6,automatic,hv,hv
2018-06-10T07:58:04.530Z,19.3880005,-155.2723389,0.89,1.92,ml,18,64,0.007432,0.18,hv,hv70256562,2018-06-10T08:03:44.750Z,"5km SW of Volcano, Hawaii",earthquake,0.24,0.27,0.32,9,automatic,hv,hv
2018-06-10T07:53:29.590Z,19.4191666,-155.2736664,1.95,1.72,ml,12,73,0.00668,0.13,hv,hv70256557,2018-06-10T07:59:10.830Z,"3km WSW of Volcano, Hawaii",earthquake,0.32,0.37,0.2,8,automatic,hv,hv
2018-06-10T07:51:08.280Z,19.4088326,-155.2646637,1.13,2.51,ml,20,60,0.005558,0.23,hv,hv70256552,2018-06-10T07:56:48.660Z,"3km SW of Volcano, Hawaii",earthquake,0.35,0.34,0.36,13,automatic,hv,hv
2018-06-10T07:49:42.870Z,19.4123325,-155.2680054,1.38,2.39,ml,26,55,0.007676,0.18,hv,hv70256547,2018-06-10T07:55:25.060Z,"3km WSW of Volcano, Hawaii",earthquake,0.24,0.23,0.32,14,automatic,hv,hv
2018-06-10T07:48:42.390Z,19.4158325,-155.2596741,1.57,2.31,ml,24,112,0.003731,0.25,hv,hv70256542,2018-06-10T07:54:40.070Z,"2km SW of Volcano, Hawaii",earthquake,0.49,0.32,0.41,8,automatic,hv,hv
2018-06-10T07:44:18.960Z,19.3945007,-155.2651672,0.35,2.02,ml,17,83,0.00381,0.31,hv,hv70256522,2018-06-10T07:49:59.590Z,"4km SW of Volcano, Hawaii",earthquake,0.34,0.55,0.32,9,automatic,hv,hv
2018-06-10T07:44:16.260Z,19.4794998,-155.08284,2.66,2.53,ml,8,191,0.08972,0.1,hv,hv70256527,2018-06-10T07:50:09.330Z,"3km S of Fern Acres, Hawaii",earthquake,1.22,14.71,0.28,7,automatic,hv,hv
2018-06-10T07:41:38.130Z,19.420166,-155.2633362,1.15,1.73,md,15,96,0.003643,0.14,hv,hv70256517,2018-06-10T07:44:22.790Z,"2km WSW of Volcano, Hawaii",earthquake,0.26,0.18,0.21,9,automatic,hv,hv
2018-06-10T07:37:01.520Z,19.4020004,-155.2666626,0.12,2.65,ml,24,56,0.003786,0.15,hv,hv70256507,2018-06-10T08:41:42.691Z,"4km SW of Volcano, Hawaii",earthquake,0.2,0.17,0.51,14,automatic,hv,hv
2018-06-10T07:36:12.640Z,19.4121667,-155.2598333,3.91,1.45,ml,8,163,0.01086,0.12,hv,hv70256502,2018-06-10T09:34:24.340Z,"3km SW of Volcano, Hawaii",earthquake,1.2,31.61,0.154,8,reviewed,hv,hv
2018-06-10T07:34:42.150Z,19.4001675,-155.2488403,0.87,1.73,md,12,119,0.01477,0.19,hv,hv70256497,2018-06-10T07:37:36.620Z,"3km SSW of Volcano, Hawaii",earthquake,0.44,0.52,0.39,6,automatic,hv,hv
2018-06-10T07:33:03.320Z,19.4036674,-155.263504,1.48,2.32,ml,18,101,0.005901,0.22,hv,hv70256492,2018-06-10T07:38:45.060Z,"4km SW of Volcano, Hawaii",earthquake,0.39,0.28,0.41,12,automatic,hv,hv
2018-06-10T07:32:10.730Z,19.4006672,-155.2623291,0.55,2.3,ml,20,92,0.004247,0.1,hv,hv70256487,2018-06-10T07:37:50.920Z,"4km SW of Volcano, Hawaii",earthquake,0.17,0.19,0.36,10,automatic,hv,hv
2018-06-10T07:30:31.350Z,36.0893326,-120.6650009,2.42,1.1,md,8,177,0.05187,0.04,nc,nc73028171,2018-06-10T08:06:01.705Z,"23km ENE of San Ardo, CA",earthquake,1.2,3.02,0.11,3,automatic,nc,nc
2018-06-10T07:29:09.570Z,19.3990002,-155.2701721,0.84,2.24,ml,24,56,0.00398,0.26,hv,hv70256477,2018-06-10T07:34:49.560Z,"4km SW of Volcano, Hawaii",earthquake,0.24,0.25,0.34,12,automatic,hv,hv
2018-06-10T07:28:13.460Z,19.4095001,-155.2599945,0.51,2.05,ml,20,93,0.002576,0.13,hv,hv70256472,2018-06-10T07:33:53.420Z,"3km SW of Volcano, Hawaii",earthquake,0.2,0.16,0.29,11,automatic,hv,hv
2018-06-10T07:25:48.670Z,19.4160004,-155.2638397,1.14,2.32,ml,14,111,0.005398,0.31,hv,hv70256462,2018-06-10T07:31:29.420Z,"3km WSW of Volcano, Hawaii",earthquake,0.65,0.35,0.35,10,automatic,hv,hv
2018-06-10T07:25:02.990Z,19.3696671,-155.2506714,5.44,2.61,ml,11,290,0.01577,0.3,hv,hv70256452,2018-06-10T07:30:46.450Z,"6km S of Volcano, Hawaii",earthquake,3.47,1.41,0.67,9,automatic,hv,hv
2018-06-10T07:23:34.640Z,19.4238338,-155.2709961,0.57,2.36,ml,18,51,0.004494,0.15,hv,hv70256442,2018-06-10T07:29:14.110Z,"3km WSW of Volcano, Hawaii",earthquake,0.17,0.16,0.32,11,automatic,hv,hv
2018-06-10T07:23:09.950Z,19.4138336,-155.261673,0.79,2.3,ml,11,108,0.002427,0.06,hv,hv70256437,2018-06-10T07:28:51.110Z,"3km SW of Volcano, Hawaii",earthquake,0.32,0.17,0.36,12,automatic,hv,hv
2018-06-10T07:19:52.420Z,19.3999996,-155.2661591,0.92,2.71,ml,19,76,0.001753,0.15,hv,hv70256427,2018-06-10T07:25:33.380Z,"4km SW of Volcano, Hawaii",earthquake,0.21,0.25,0.5,12,automatic,hv,hv
2018-06-10T07:14:42.050Z,19.4001675,-155.2493286,-0.45,1.96,ml,8,144,0.0147,0.08,hv,hv70256422,2018-06-10T07:20:21.700Z,"3km SSW of Volcano, Hawaii",earthquake,0.2,0.42,0.26,5,automatic,hv,hv
2018-06-10T07:13:40.780Z,19.4109993,-155.2803345,1.56,1.8,ml,10,116,0.007519,0.16,hv,hv70256417,2018-06-10T07:19:19.830Z,"4km WSW of Volcano, Hawaii",earthquake,0.59,0.29,0.24,7,automatic,hv,hv
2018-06-10T07:13:01.780Z,34.0775,-117.5078333,3.24,0.99,ml,26,49,0.06141,0.17,ci,ci38194976,2018-06-10T07:16:46.814Z,"5km WSW of Fontana, CA",earthquake,0.27,0.48,0.225,31,automatic,ci,ci
2018-06-10T07:12:06.570Z,19.420166,-155.2781677,1.07,2.11,ml,13,82,0.004603,0.1,hv,hv70256412,2018-06-10T07:17:51.240Z,"4km WSW of Volcano, Hawaii",earthquake,0.33,0.2,0.25,9,automatic,hv,hv
2018-06-10T07:10:52.020Z,19.3956661,-155.2891693,0.27,2.03,ml,24,49,0.007245,0.25,hv,hv70256407,2018-06-10T07:16:32.690Z,"6km SW of Volcano, Hawaii",earthquake,0.21,0.29,0.16,8,automatic,hv,hv
2018-06-10T07:08:21.970Z,19.4034996,-155.2704926,1.41,2.19,ml,18,55,0.006714,0.18,hv,hv70256397,2018-06-10T08:45:00.170Z,"4km SW of Volcano, Hawaii",earthquake,0.3,0.34,0.19,11,automatic,hv,hv
2018-06-10T07:03:28.850Z,37.6570015,-118.8430023,0.89,1.07,md,9,138,0.01983,0.03,nc,nc73028166,2018-06-10T07:18:02.314Z,"12km E of Mammoth Lakes, CA",earthquake,0.35,1.02,0.05,8,automatic,nc,nc
2018-06-10T07:02:04.350Z,19.3973333,-155.2718333,0.29,2.87,ml,27,54,0.002596,0.08,hv,hv70256387,2018-06-10T09:09:47.880Z,"5km SW of Volcano, Hawaii",earthquake,0.15,0.16,0.201,38,reviewed,hv,hv
2018-06-10T07:01:59.450Z,19.3913326,-155.2698364,0.99,3.27,ml,19,60,0.005388,0.37,hv,hv70256382,2018-06-10T07:47:32.791Z,"5km SW of Volcano, Hawaii",earthquake,0.4,0.38,3.51,33,automatic,hv,hv
2018-06-10T07:00:32.370Z,19.4015007,-155.264328,1.17,2.11,ml,15,98,0.0107,0.19,hv,hv70256377,2018-06-10T07:06:14.260Z,"4km SW of Volcano, Hawaii",earthquake,0.31,0.64,0.28,11,automatic,hv,hv
2018-06-10T07:00:05.380Z,19.3251667,-155.1751709,1.13,2.51,ml,17,95,0.05428,0.19,hv,hv70256372,2018-06-10T07:05:47.530Z,"13km SSE of Volcano, Hawaii",earthquake,0.47,0.66,0.27,8,automatic,hv,hv
2018-06-10T06:58:52.130Z,19.4003334,-155.27034,1.11,2.24,ml,20,62,0.005841,0.2,hv,hv70256367,2018-06-10T07:04:32.740Z,"4km SW of Volcano, Hawaii",earthquake,0.3,0.41,0.18,10,automatic,hv,hv
2018-06-10T06:56:16.420Z,19.3926659,-155.2440033,-0.73,2.6,ml,15,98,0.009912,0.36,hv,hv70256362,2018-06-10T07:02:11.540Z,"4km S of Volcano, Hawaii",earthquake,0.43,0.49,0.5,14,automatic,hv,hv
2018-06-10T06:56:16.040Z,19.3951664,-155.274826,0.42,2.9,ml,21,68,0.001135,0.15,hv,hv70256357,2018-06-10T07:02:01.170Z,"5km SW of Volcano, Hawaii",earthquake,0.19,0.13,0.46,16,automatic,hv,hv
2018-06-10T06:55:13.860Z,19.4099998,-155.2593384,1.27,2.49,ml,36,47,0.002138,0.3,hv,hv70256352,2018-06-10T07:00:54.980Z,"3km SW of Volcano, Hawaii",earthquake,0.41,0.3,0.43,20,automatic,hv,hv
2018-06-10T06:54:34.910Z,19.4074993,-155.2644958,1.74,2.71,ml,12,95,0.006311,0.13,hv,hv70256347,2018-06-10T07:00:17.620Z,"3km SW of Volcano, Hawaii",earthquake,0.35,0.68,0.4,17,automatic,hv,hv
2018-06-10T06:50:39.080Z,19.4111671,-155.2608337,0.43,2.54,ml,19,64,0.001286,0.32,hv,hv70256342,2018-06-10T06:56:19.590Z,"3km SW of Volcano, Hawaii",earthquake,0.37,0.23,0.4,13,automatic,hv,hv
2018-06-10T06:49:51.250Z,19.4061661,-155.289505,-0.34,2.06,ml,17,67,0.01252,0.22,hv,hv70256337,2018-06-10T06:55:31.350Z,"6km WSW of Volcano, Hawaii",earthquake,0.22,0.28,0.27,10,automatic,hv,hv
2018-06-10T06:46:10.290Z,19.4368324,-155.5113373,4.93,2.37,ml,10,115,0.01864,0.22,hv,hv70256332,2018-06-10T06:51:52.790Z,"25km N of Pahala, Hawaii",earthquake,1.09,1.11,4.2,11,automatic,hv,hv
2018-06-10T06:46:04.130Z,19.4011667,-155.2751667,1.33,2.7,ml,30,40,0.005945,0.08,hv,hv70256327,2018-06-10T07:23:19.000Z,"5km SW of Volcano, Hawaii",earthquake,0.17,0.17,0.185,33,reviewed,hv,hv
2018-06-10T06:44:59.360Z,36.1870003,-120.7423325,3.84,1.92,md,9,196,0.05571,0.03,nc,nc73028161,2018-06-10T07:40:01.441Z,"24km NE of San Ardo, CA",earthquake,0.6,1.3,0.22,6,automatic,nc,nc
2018-06-10T06:42:08.950Z,19.3976669,-155.2655029,0.59,2.5,ml,20,71,0.0007594,0.15,hv,hv70256322,2018-06-10T06:47:50.200Z,"4km SW of Volcano, Hawaii",earthquake,0.2,0.2,0.41,12,automatic,hv,hv
2018-06-10T06:39:18.530Z,47.8446667,-123.3851667,40.59,1.85,ml,17,86,0.2174,0.15,uw,uw61384052,2018-06-10T18:56:33.580Z,"29km S of Port Angeles East, Washington",earthquake,0.48,0.74,0.12,11,reviewed,uw,uw
2018-06-10T06:36:43.220Z,19.4153333,-155.2758333,0.95,2.93,ml,30,40,0.008136,0.08,hv,hv70256317,2018-06-10T07:06:23.111Z,"4km WSW of Volcano, Hawaii",earthquake,0.17,0.11,0.123,39,reviewed,hv,hv
2018-06-10T06:34:12.300Z,19.4209995,-155.276001,1.19,2.16,ml,29,52,0.004027,0.2,hv,hv70256312,2018-06-10T14:36:52.384Z,"4km WSW of Volcano, Hawaii",earthquake,0.29,0.17,0.28,11,automatic,hv,hv
2018-06-10T06:30:43.820Z,19.3904991,-155.2558289,-0.88,2.85,ml,27,57,0.006544,0.29,hv,hv70256292,2018-06-10T06:36:23.870Z,"4km SSW of Volcano, Hawaii",earthquake,0.23,0.27,0.33,15,automatic,hv,hv
2018-06-10T06:30:13.820Z,19.4069996,-155.2975006,0.67,2.78,ml,23,71,0.01513,0.38,hv,hv70256287,2018-06-10T06:35:55.450Z,"6km WSW of Volcano, Hawaii",earthquake,0.5,0.39,0.44,19,automatic,hv,hv
2018-06-10T06:28:43.940Z,19.4295006,-155.2971649,-0.52,2.32,ml,9,103,0.0102,0.08,hv,hv70256282,2018-06-10T06:34:26.180Z,"6km W of Volcano, Hawaii",earthquake,0.29,0.44,0.54,5,automatic,hv,hv
2018-06-10T06:28:23.040Z,19.416666,-155.2624969,-0.47,2.32,ml,11,176,0.02041,0.14,hv,hv70256277,2018-06-10T06:34:09.460Z,"3km WSW of Volcano, Hawaii",earthquake,0.22,0.3,0.34,7,automatic,hv,hv
2018-06-10T06:24:57.540Z,19.4103336,-155.2805023,1.07,1.85,md,10,79,0.008041,0.1,hv,hv70256267,2018-06-10T06:27:57.570Z,"5km WSW of Volcano, Hawaii",earthquake,0.45,0.18,0.32,5,automatic,hv,hv
2018-06-10T06:24:30.990Z,19.4021664,-155.2638397,0.42,2.22,ml,16,84,0.004418,0.13,hv,hv70256262,2018-06-10T06:30:14.030Z,"4km SW of Volcano, Hawaii",earthquake,0.2,0.21,0.1,4,automatic,hv,hv
2018-06-10T06:22:03.274Z,62.0608,-142.1462,0.3,1.8,ml,,,,0.64,ak,ak19748090,2018-06-10T06:25:20.637Z,"135km ENE of Chitina, Alaska",earthquake,,0.3,,,automatic,ak,ak
2018-06-10T06:18:59.390Z,19.428833,-155.2758331,-0.19,2.53,md,11,161,0.004375,0.26,hv,hv70256242,2018-06-10T06:21:58.710Z,"4km W of Volcano, Hawaii",earthquake,0.54,0.23,0.08,5,automatic,hv,hv
2018-06-10T06:15:20.050Z,19.3990002,-155.2676697,0.28,2.66,ml,20,72,0.00172,0.15,hv,hv70256227,2018-06-10T06:21:00.850Z,"4km SW of Volcano, Hawaii",earthquake,0.16,0.21,0.5,13,automatic,hv,hv
2018-06-10T06:13:41.920Z,19.4249992,-155.2688293,1.94,2.24,ml,12,91,0.002334,0.15,hv,hv70256222,2018-06-10T06:19:22.890Z,"3km WSW of Volcano, Hawaii",earthquake,0.34,0.37,0.23,5,automatic,hv,hv
2018-06-10T06:11:27.090Z,19.4260006,-155.276001,0.91,2.5,ml,15,82,0.001936,0.17,hv,hv70256217,2018-06-10T06:17:07.750Z,"4km W of Volcano, Hawaii",earthquake,0.26,0.19,0.32,8,automatic,hv,hv
2018-06-10T06:11:11.350Z,19.4331665,-155.2858276,0.37,2.61,ml,14,89,0.01142,0.12,hv,hv70256212,2018-06-10T06:16:51.310Z,"5km W of Volcano, Hawaii",earthquake,0.24,0.21,0.34,13,automatic,hv,hv
2018-06-10T06:10:30.770Z,19.3933334,-155.2734985,1.19,2.44,ml,17,105,0.002029,0.31,hv,hv70256207,2018-06-10T06:16:11.740Z,"5km SW of Volcano, Hawaii",earthquake,0.51,0.75,0.41,10,automatic,hv,hv
2018-06-10T06:10:12.000Z,19.3971672,-155.2671661,1.41,2.19,ml,17,61,0.001513,0.1,hv,hv70256202,2018-06-10T06:15:53.900Z,"4km SW of Volcano, Hawaii",earthquake,0.28,0.25,0.31,11,automatic,hv,hv
2018-06-10T06:06:01.410Z,19.4023342,-155.2700043,0.77,2.78,ml,32,32,0.005534,0.2,hv,hv70256192,2018-06-10T06:11:42.380Z,"4km SW of Volcano, Hawaii",earthquake,0.21,0.15,0.3,13,automatic,hv,hv
2018-06-10T06:00:49.520Z,19.4203339,-155.2686615,0.48,2.36,ml,19,62,0.006772,0.17,hv,hv70256187,2018-06-10T06:06:27.150Z,"3km WSW of Volcano, Hawaii",earthquake,0.22,0.18,0.32,13,automatic,hv,hv
2018-06-10T05:57:54.810Z,19.4161663,-155.2563324,0.58,1.93,ml,18,135,0.005259,0.22,hv,hv70256177,2018-06-10T06:03:34.850Z,"2km SW of Volcano, Hawaii",earthquake,0.32,0.24,0.31,8,automatic,hv,hv
2018-06-10T05:54:21.730Z,19.4104996,-155.2713318,0.78,2.82,ml,39,41,0.01093,0.15,hv,hv70256172,2018-06-10T06:00:03.540Z,"4km WSW of Volcano, Hawaii",earthquake,0.23,0.17,2.95,29,automatic,hv,hv
2018-06-10T05:53:42.650Z,19.3478336,-155.3096619,1.02,3.2,ml,13,297,0.04448,0.29,hv,hv70256167,2018-06-10T05:59:22.260Z,"11km SW of Volcano, Hawaii",earthquake,1,1.22,2.29,21,automatic,hv,hv
2018-06-10T05:48:05.680Z,19.4044991,-155.2828369,-0.25,2.43,ml,11,163,0.01315,0.29,hv,hv70256152,2018-06-10T05:53:46.370Z,"5km WSW of Volcano, Hawaii",earthquake,0.43,0.5,0.26,6,automatic,hv,hv
2018-06-10T05:47:22.600Z,19.3901672,-155.2660065,0.22,2.61,ml,11,81,0.008033,0.12,hv,hv70256147,2018-06-10T05:53:06.060Z,"5km SSW of Volcano, Hawaii",earthquake,0.25,0.28,0.49,7,automatic,hv,hv
2018-06-10T05:47:12.050Z,19.4433327,-155.0988312,6.44,2.95,ml,11,175,0.08959,0.1,hv,hv70256142,2018-06-10T05:52:53.590Z,"7km SSW of Fern Acres, Hawaii",earthquake,2.67,1.4,0.42,11,automatic,hv,hv
2018-06-10T05:45:52.980Z,19.4123325,-155.276001,2.04,1.77,ml,15,56,0.0093,0.19,hv,hv70256137,2018-06-10T05:51:33.210Z,"4km WSW of Volcano, Hawaii",earthquake,0.42,0.55,0.25,9,automatic,hv,hv
2018-06-10T05:42:00.550Z,19.4169998,-155.2684937,1.13,2.01,ml,18,61,0.009322,0.19,hv,hv70256127,2018-06-10T05:47:43.600Z,"3km WSW of Volcano, Hawaii",earthquake,0.26,0.19,0.18,7,automatic,hv,hv
2018-06-10T05:39:56.640Z,19.4176674,-155.2716675,1.22,2.12,ml,24,41,0.008997,0.1,hv,hv70256122,2018-06-10T05:46:26.470Z,"3km WSW of Volcano, Hawaii",earthquake,0.16,0.12,0.21,10,automatic,hv,hv
2018-06-10T05:39:30.020Z,37.6586685,-118.8381653,2.32,1.43,md,15,132,0.02075,0.05,nc,nc73028136,2018-06-10T06:18:01.767Z,"13km E of Mammoth Lakes, CA",earthquake,0.45,0.84,0.17,12,automatic,nc,nc
2018-06-10T05:36:36.360Z,19.4091663,-155.2663269,2.21,2.37,ml,22,57,0.006746,0.17,hv,hv70256107,2018-06-10T05:42:15.900Z,"3km SW of Volcano, Hawaii",earthquake,0.35,0.34,0.3,13,automatic,hv,hv
2018-06-10T05:35:38.480Z,33.508,-116.482,5.55,1.12,ml,39,73,0.04948,0.21,ci,ci38194968,2018-06-10T14:55:09.012Z,"18km ESE of Anza, CA",earthquake,0.24,0.67,0.13,25,reviewed,ci,ci
2018-06-10T05:34:21.980Z,19.4108334,-155.2641602,0.84,2.49,ml,18,58,0.004231,0.24,hv,hv70256102,2018-06-10T05:40:03.810Z,"3km SW of Volcano, Hawaii",earthquake,0.31,0.26,2.06,14,automatic,hv,hv
2018-06-10T05:31:06.396Z,60.0752,-150.5675,44.9,2.8,ml,,,,0.61,ak,ak19747360,2018-06-10T13:33:53.022Z,"52km SSE of Sterling, Alaska",earthquake,,1.1,,,automatic,ak,ak
2018-06-10T05:30:52.760Z,19.3971672,-155.2658386,0.26,2.31,ml,19,70,0.001085,0.17,hv,hv70256092,2018-06-10T05:36:31.960Z,"4km SW of Volcano, Hawaii",earthquake,0.18,0.26,0.43,11,automatic,hv,hv
2018-06-10T05:30:48.803Z,62.9045,-150.6916,92,3.9,ml,,,,0.41,ak,ak19747353,2018-06-10T13:33:19.485Z,"71km NNW of Talkeetna, Alaska",earthquake,,0.5,,,reviewed,ak,ak
2018-06-10T05:30:15.988Z,63.0499,-150.5734,181.2,4,ml,,,,0.74,ak,ak19747352,2018-06-10T07:19:40.015Z,"84km NNW of Talkeetna, Alaska",earthquake,,1.7,,,automatic,ak,ak
2018-06-10T05:28:01.540Z,19.4195004,-155.2733307,0.4,1.86,ml,18,46,0.006593,0.12,hv,hv70256077,2018-06-10T05:33:43.070Z,"3km WSW of Volcano, Hawaii",earthquake,0.18,0.17,0.17,7,automatic,hv,hv
2018-06-10T05:24:06.990Z,19.4034996,-155.2761688,0.4,2.58,ml,23,55,0.008433,0.19,hv,hv70256067,2018-06-10T05:30:10.980Z,"5km SW of Volcano, Hawaii",earthquake,0.24,0.2,0.41,14,automatic,hv,hv
2018-06-10T05:22:56.420Z,19.4138336,-155.2779999,0.96,1.88,ml,21,47,0.006901,0.13,hv,hv70256062,2018-06-10T05:30:02.210Z,"4km WSW of Volcano, Hawaii",earthquake,0.2,0.14,0.29,9,automatic,hv,hv
2018-06-10T05:22:01.760Z,19.4041672,-155.255661,0.09,1.8,md,8,124,0.008826,0.13,hv,hv70256052,2018-06-10T05:25:02.610Z,"3km SSW of Volcano, Hawaii",earthquake,0.78,0.3,0.1,4,automatic,hv,hv
2018-06-10T05:20:47.304Z,61.1908,-151.909,82.2,1.2,ml,,,,0.4,ak,ak19747344,2018-06-10T05:27:09.949Z,"65km NNW of Nikiski, Alaska",earthquake,,1,,,automatic,ak,ak
2018-06-10T05:19:46.767Z,66.9047,-147.1571,11.5,2.1,ml,,,,0.78,ak,ak19747338,2018-06-10T05:27:09.628Z,"91km WNW of Fort Yukon, Alaska",earthquake,,0.3,,,automatic,ak,ak
2018-06-10T05:19:04.660Z,19.3945007,-155.2689972,4.64,1.91,ml,10,242,0.004469,0.17,hv,hv70256042,2018-06-10T05:24:45.680Z,"5km SW of Volcano, Hawaii",earthquake,1.08,1.53,0.43,8,automatic,hv,hv
2018-06-10T05:18:45.118Z,61.2997,-146.63,21.4,1.4,ml,,,,0.87,ak,ak19747336,2018-06-10T05:23:13.540Z,"24km NW of Valdez, Alaska",earthquake,,0.4,,,automatic,ak,ak
2018-06-10T05:16:01.970Z,33.5015,-116.7956667,4.57,1.12,ml,43,31,0.08024,0.16,ci,ci38194960,2018-06-10T14:55:04.568Z,"9km NE of Aguanga, CA",earthquake,0.16,0.44,0.113,26,reviewed,ci,ci
2018-06-10T05:13:24.210Z,19.4029999,-155.2615051,0.24,2.5,ml,29,56,0.006377,0.2,hv,hv70256032,2018-06-10T05:19:06.040Z,"3km SW of Volcano, Hawaii",earthquake,0.18,0.16,0.57,19,automatic,hv,hv
2018-06-10T05:11:17.330Z,19.4020004,-155.2626648,0.4,2.29,ml,10,162,0.01037,0.11,hv,hv70256022,2018-06-10T05:16:58.820Z,"4km SW of Volcano, Hawaii",earthquake,0.58,0.59,0.35,10,automatic,hv,hv
2018-06-10T05:09:10.950Z,19.3883343,-155.2714996,0.49,2.43,ml,33,52,0.007284,0.2,hv,hv70256017,2018-06-10T05:14:51.650Z,"5km SW of Volcano, Hawaii",earthquake,0.24,0.16,0.41,17,automatic,hv,hv
2018-06-10T05:03:25.623Z,61.8549,-149.6481,40.4,1.2,ml,,,,0.82,ak,ak19747287,2018-06-10T05:10:35.619Z,"23km ENE of Willow, Alaska",earthquake,,0.6,,,automatic,ak,ak
2018-06-10T04:58:04.170Z,19.4101658,-155.2785034,0.53,1.85,ml,19,66,0.009137,0.12,hv,hv70255992,2018-06-10T05:03:42.080Z,"4km WSW of Volcano, Hawaii",earthquake,0.17,0.2,0.2,8,automatic,hv,hv
2018-06-10T04:57:30.350Z,33.3301667,-116.1906667,10.2,1.56,ml,52,64,0.1995,0.24,ci,ci38194952,2018-06-10T05:08:13.040Z,"17km SSW of Oasis, CA",earthquake,0.31,0.95,0.121,25,automatic,ci,ci
2018-06-10T04:54:41.040Z,19.4064999,-155.2663269,1.25,2.19,ml,22,48,0.008219,0.13,hv,hv70255977,2018-06-10T05:00:25.590Z,"4km SW of Volcano, Hawaii",earthquake,0.25,0.2,0.32,11,automatic,hv,hv
2018-06-10T04:52:19.110Z,19.3908329,-155.2726593,-0.2,2.31,ml,16,59,0.004606,0.3,hv,hv70255972,2018-06-10T04:58:02.080Z,"5km SW of Volcano, Hawaii",earthquake,0.35,0.32,0.37,12,automatic,hv,hv
2018-06-10T04:51:01.460Z,19.3999996,-155.2610016,0.51,2.63,ml,26,56,0.00506,0.16,hv,hv70255967,2018-06-10T04:56:40.320Z,"4km SW of Volcano, Hawaii",earthquake,0.21,0.2,0.6,15,automatic,hv,hv
2018-06-10T04:44:19.060Z,19.4186668,-155.2806702,0.75,2.48,ml,35,29,0.003385,0.19,hv,hv70255962,2018-06-10T04:49:59.130Z,"4km WSW of Volcano, Hawaii",earthquake,0.25,0.16,0.4,16,automatic,hv,hv
2018-06-10T04:42:57.540Z,19.4435005,-155.2476654,-0.51,1.96,ml,8,296,0.03331,0.29,hv,hv70255957,2018-06-10T04:48:37.590Z,"1km NW of Volcano, Hawaii",earthquake,1.83,1.07,0.07,4,automatic,hv,hv
2018-06-10T04:42:13.020Z,19.4265003,-155.2689972,0.77,1.9,ml,11,91,0.001368,0.1,hv,hv70255952,2018-06-10T04:47:53.570Z,"3km W of Volcano, Hawaii",earthquake,0.22,0.25,0.16,7,automatic,hv,hv
2018-06-10T04:42:04.910Z,33.5685,-116.7383333,11.72,0.41,ml,11,126,0.00321,0.2,ci,ci38194944,2018-06-10T14:55:26.299Z,"6km WNW of Anza, CA",earthquake,0.78,0.99,0.139,12,reviewed,ci,ci
2018-06-10T04:38:26.150Z,19.4115009,-155.2923279,0.69,1.83,ml,16,76,0.009486,0.36,hv,hv70255942,2018-06-10T04:44:06.520Z,"6km WSW of Volcano, Hawaii",earthquake,0.43,0.43,0.36,8,automatic,hv,hv
2018-06-10T04:34:17.020Z,19.3955002,-155.2696686,0.33,1.72,ml,10,146,0.003754,0.09,hv,hv70255937,2018-06-10T04:39:58.450Z,"5km SW of Volcano, Hawaii",earthquake,0.31,0.27,0.63,3,automatic,hv,hv
2018-06-10T04:30:42.900Z,19.4098339,-155.2758331,0.47,1.89,ml,19,41,0.01102,0.12,hv,hv70255927,2018-06-10T04:36:24.280Z,"4km WSW of Volcano, Hawaii",earthquake,0.16,0.21,0.44,9,automatic,hv,hv
2018-06-10T04:27:11.070Z,19.4060001,-155.2733307,0.45,2.71,ml,22,79,0.01035,0.21,hv,hv70255922,2018-06-10T04:32:50.660Z,"4km SW of Volcano, Hawaii",earthquake,0.19,0.2,0.45,13,automatic,hv,hv
2018-06-10T04:26:19.520Z,19.4138336,-155.2726593,0.38,2.34,ml,22,53,0.01145,0.28,hv,hv70255917,2018-06-10T04:31:58.690Z,"4km WSW of Volcano, Hawaii",earthquake,0.28,0.21,0.29,12,automatic,hv,hv
2018-06-10T04:26:11.164Z,60.1158,-141.6735,0,1.4,ml,,,,0.52,ak,ak19746647,2018-06-10T04:30:46.670Z,"42km E of Cape Yakataga, Alaska",earthquake,,0.5,,,automatic,ak,ak
2018-06-10T04:25:28.090Z,39.4033,-119.9543,8.4,1.9,ml,25,52.63,0.118,0.17,nn,nn00638999,2018-06-10T04:27:08.367Z,"12km S of Mogul, Nevada",earthquake,,3,,,automatic,nn,nn
2018-06-10T04:23:00.670Z,19.4095,-155.273,0.68,2.97,ml,20,54,0.01265,0.06,hv,hv70255912,2018-06-10T04:38:16.160Z,"4km WSW of Volcano, Hawaii",earthquake,0.2,0.24,0.182,11,reviewed,hv,hv
2018-06-10T04:21:43.430Z,19.4105,-155.2826667,0.66,3.62,ml,24,66,0.007251,0.07,hv,hv70255907,2018-06-10T06:31:53.345Z,"5km WSW of Volcano, Hawaii",earthquake,0.19,0.16,0.211,15,reviewed,hv,hv
2018-06-10T04:19:59.570Z,19.4031658,-155.2901611,0.71,1.91,ml,14,84,0.01358,0.15,hv,hv70255902,2018-06-10T04:25:43.610Z,"6km WSW of Volcano, Hawaii",earthquake,0.23,0.24,0.23,9,automatic,hv,hv
2018-06-10T04:19:36.910Z,19.4318333,-155.3013306,2.42,2.02,ml,9,293,0.03911,0.12,hv,hv70255897,2018-06-10T04:25:16.330Z,"6km W of Volcano, Hawaii",earthquake,1.57,1.01,0.12,8,automatic,hv,hv
2018-06-10T04:17:26.530Z,19.4013329,-155.2550049,0.38,1.92,ml,10,119,0.01085,0.19,hv,hv70255882,2018-06-10T04:23:06.690Z,"3km SSW of Volcano, Hawaii",earthquake,0.38,0.41,0.43,8,automatic,hv,hv
2018-06-10T04:17:07.590Z,-12.4901,166.793,150.47,4.6,mb,,56,7.373,0.77,us,us1000emht,2018-06-10T05:05:59.040Z,"174km NNW of Sola, Vanuatu",earthquake,10,6,0.064,72,reviewed,us,us
2018-06-10T04:16:43.740Z,19.3036671,-155.2466736,5.18,2.62,ml,15,115,0.03051,0.14,hv,hv70255877,2018-06-10T04:22:22.010Z,"14km S of Volcano, Hawaii",earthquake,0.57,1.1,0.52,8,automatic,hv,hv
2018-06-10T04:14:59.480Z,19.3845005,-155.2718353,-0.15,2.4,ml,15,100,0.009543,0.18,hv,hv70255872,2018-06-10T04:20:39.710Z,"6km SW of Volcano, Hawaii",earthquake,0.26,0.35,0.39,12,automatic,hv,hv
2018-06-10T04:11:39.210Z,19.4085007,-155.2700043,1.32,2.39,ml,28,31,0.0102,0.18,hv,hv70255867,2018-06-10T04:17:20.270Z,"4km SW of Volcano, Hawaii",earthquake,0.24,0.23,0.25,13,automatic,hv,hv
2018-06-10T04:11:22.490Z,19.4048328,-155.2453308,0.8,2.55,ml,11,138,0.01551,0.17,hv,hv70255862,2018-06-10T04:17:02.880Z,"2km SSW of Volcano, Hawaii",earthquake,0.37,0.6,0.45,14,automatic,hv,hv
2018-06-10T04:03:20.830Z,19.3861675,-155.2811737,0.53,1.77,ml,10,129,0.0006266,0.22,hv,hv70255837,2018-06-10T04:09:01.180Z,"6km SW of Volcano, Hawaii",earthquake,0.66,1.01,0.39,9,automatic,hv,hv
2018-06-10T04:00:37.470Z,19.4043331,-155.2701721,1.23,1.86,ml,15,72,0.00721,0.17,hv,hv70255832,2018-06-10T04:06:28.840Z,"4km SW of Volcano, Hawaii",earthquake,0.26,0.36,0.2,9,automatic,hv,hv
2018-06-10T04:00:04.020Z,19.3349991,-155.0863342,3.36,2.63,ml,15,182,0.0617,0.15,hv,hv70255827,2018-06-10T04:05:43.800Z,"19km SE of Volcano, Hawaii",earthquake,0.63,1.53,0.41,11,automatic,hv,hv
2018-06-10T03:57:48.860Z,19.4023342,-155.2453308,0.1,2.32,ml,11,245,0.02761,0.19,hv,hv70255822,2018-06-10T04:03:28.350Z,"3km SSW of Volcano, Hawaii",earthquake,0.47,0.45,0.46,10,automatic,hv,hv
2018-06-10T03:55:39.240Z,19.4080009,-155.2449951,-0.52,2.49,ml,20,129,0.01462,0.34,hv,hv70255817,2018-06-10T04:01:18.920Z,"2km SSW of Volcano, Hawaii",earthquake,0.37,0.63,0.47,15,automatic,hv,hv
2018-06-10T03:54:57.906Z,63.1944,-153.5542,15.7,2.1,ml,,,,0.75,ak,ak19746577,2018-06-10T04:02:53.821Z,"106km ENE of McGrath, Alaska",earthquake,,0.2,,,automatic,ak,ak
2018-06-10T03:54:39.630Z,19.421833,-155.2176666,2.07,2.17,ml,18,128,0.04086,0.32,hv,hv70255812,2018-06-10T04:00:25.200Z,"2km ESE of Volcano, Hawaii",earthquake,0.64,1.41,0.21,10,automatic,hv,hv
2018-06-10T03:51:08.794Z,64.0329,-148.0873,97.2,1.3,ml,,,,0.45,ak,ak19746574,2018-06-10T03:55:36.199Z,"47km ENE of Healy, Alaska",earthquake,,1.1,,,automatic,ak,ak
2018-06-10T03:51:06.720Z,19.4168339,-155.2531738,1.79,1.95,ml,13,140,0.007895,0.29,hv,hv70255802,2018-06-10T11:53:38.483Z,"2km SW of Volcano, Hawaii",earthquake,0.62,0.64,0.29,9,automatic,hv,hv
2018-06-10T03:49:16.820Z,19.4106674,-155.2678375,0.68,2.16,ml,17,52,0.007645,0.16,hv,hv70255797,2018-06-10T03:54:56.350Z,"3km SW of Volcano, Hawaii",earthquake,0.19,0.24,0.32,9,automatic,hv,hv
2018-06-10T03:47:48.240Z,19.399334,-155.260498,0.78,2.15,ml,15,100,0.005335,0.23,hv,hv70255792,2018-06-10T11:50:19.570Z,"4km SW of Volcano, Hawaii",earthquake,0.38,0.43,0.24,6,automatic,hv,hv
2018-06-10T03:45:37.460Z,19.4200001,-155.2700043,1.64,1.89,ml,15,77,0.007374,0.18,hv,hv70255787,2018-06-10T03:51:18.510Z,"3km WSW of Volcano, Hawaii",earthquake,0.35,0.29,0.24,8,automatic,hv,hv
2018-06-10T03:44:31.930Z,19.3880005,-155.263504,-0.61,2.18,ml,15,143,0.01046,0.32,hv,hv70255782,2018-06-10T03:50:14.310Z,"5km SSW of Volcano, Hawaii",earthquake,0.31,0.46,0.92,4,automatic,hv,hv
2018-06-10T03:43:29.330Z,37.6573334,-118.8353348,1.77,1.57,md,14,138,0.01935,0.05,nc,nc73028091,2018-06-10T05:07:01.231Z,"13km E of Mammoth Lakes, CA",earthquake,0.42,0.79,0.28,11,automatic,nc,nc
2018-06-10T03:42:59.660Z,38.7878342,-122.7646637,0.89,1.42,md,19,72,0.01711,0.04,nc,nc73028081,2018-06-10T04:39:01.078Z,"1km NNW of The Geysers, CA",earthquake,0.23,0.5,0.21,5,automatic,nc,nc
2018-06-10T03:42:39.410Z,35.7898331,-120.3300018,8.11,1.7,md,15,125,0.01866,0.08,nc,nc73028076,2018-06-10T04:12:00.923Z,"8km NNW of Cholame, CA",earthquake,0.59,0.65,0.68,7,automatic,nc,nc
2018-06-10T03:41:24.159Z,62.4996,-147.1863,11.4,1.6,ml,,,,0.58,ak,ak19745962,2018-06-10T03:47:45.166Z,"95km WNW of Glennallen, Alaska",earthquake,,0.2,,,automatic,ak,ak
2018-06-10T03:40:36.380Z,19.4046669,-155.279007,0.43,2.15,md,12,83,0.01379,0.12,hv,hv70255772,2018-06-10T03:43:34.960Z,"5km SW of Volcano, Hawaii",earthquake,0.22,0.49,0.53,8,automatic,hv,hv
2018-06-10T03:38:29.820Z,33.4948333,-116.787,4.49,0.81,ml,35,35,0.08171,0.21,ci,ci38194928,2018-06-10T14:56:42.510Z,"9km NE of Aguanga, CA",earthquake,0.23,0.6,0.105,24,reviewed,ci,ci
2018-06-10T03:38:13.050Z,19.4173336,-155.2621613,2.87,2.22,ml,8,145,0.005647,0.11,hv,hv70255767,2018-06-10T03:43:53.700Z,"2km WSW of Volcano, Hawaii",earthquake,0.56,0.59,0.26,7,automatic,hv,hv
2018-06-10T03:37:04.800Z,19.3916664,-155.279007,-0.26,2.63,ml,22,69,0.006261,0.29,hv,hv70255757,2018-06-10T03:42:45.830Z,"6km SW of Volcano, Hawaii",earthquake,0.23,0.3,0.39,16,automatic,hv,hv
2018-06-10T03:36:00.410Z,19.4209995,-155.2618408,1.32,2.21,ml,18,115,0.002198,0.15,hv,hv70255752,2018-06-10T03:41:39.260Z,"2km WSW of Volcano, Hawaii",earthquake,0.27,0.23,0.26,9,automatic,hv,hv
2018-06-10T03:34:34.610Z,19.3726673,-155.2473297,1.06,2.17,ml,8,301,0.05664,0.17,hv,hv70255747,2018-06-10T03:40:16.760Z,"6km S of Volcano, Hawaii",earthquake,6.21,5.75,0.24,4,automatic,hv,hv
2018-06-10T03:34:20.550Z,19.4126663,-155.2763367,2.25,1.71,ml,21,50,0.008851,0.14,hv,hv70255742,2018-06-10T03:40:02.280Z,"4km WSW of Volcano, Hawaii",earthquake,0.32,0.36,0.22,8,automatic,hv,hv
2018-06-10T03:32:27.990Z,19.4133339,-155.2984924,2.11,2.01,md,11,102,0.01028,0.23,hv,hv70255732,2018-06-10T03:35:39.820Z,"6km WSW of Volcano, Hawaii",earthquake,0.86,0.38,0.52,6,automatic,hv,hv
2018-06-10T03:30:06.920Z,19.4203339,-155.2749939,0.98,1.91,ml,21,46,0.005035,0.22,hv,hv70255722,2018-06-10T03:35:46.320Z,"4km WSW of Volcano, Hawaii",earthquake,0.31,0.2,0.28,11,automatic,hv,hv
2018-06-10T03:23:45.620Z,19.4134998,-155.2798309,0.71,2.42,ml,14,124,0.005775,0.11,hv,hv70255707,2018-06-10T03:29:26.420Z,"4km WSW of Volcano, Hawaii",earthquake,0.27,0.14,0.32,10,automatic,hv,hv
2018-06-10T03:23:07.204Z,62.5284,-147.1666,16.6,1.1,ml,,,,0.38,ak,ak19745960,2018-06-10T03:27:07.511Z,"96km WNW of Glennallen, Alaska",earthquake,,0.2,,,automatic,ak,ak
2018-06-10T03:22:54.500Z,19.4108334,-155.2913361,0.43,2.4,ml,23,74,0.009635,0.34,hv,hv70255702,2018-06-10T03:28:33.820Z,"6km WSW of Volcano, Hawaii",earthquake,0.38,0.32,0.33,11,automatic,hv,hv
2018-06-10T03:21:26.240Z,19.4169998,-155.2723389,1.75,1.84,ml,18,50,0.009169,0.22,hv,hv70255697,2018-06-10T03:27:07.510Z,"3km WSW of Volcano, Hawaii",earthquake,0.32,0.3,0.18,8,automatic,hv,hv
2018-06-10T03:15:34.134Z,61.6067,-146.3409,39.7,1.2,ml,,,,0.36,ak,ak19745938,2018-06-10T03:23:44.189Z,"53km N of Valdez, Alaska",earthquake,,0.8,,,automatic,ak,ak
2018-06-10T03:15:33.840Z,19.4143333,-155.2661591,0.71,2.21,ml,21,81,0.006336,0.17,hv,hv70255677,2018-06-10T03:21:13.330Z,"3km WSW of Volcano, Hawaii",earthquake,0.29,0.18,0.22,9,automatic,hv,hv
2018-06-10T03:13:54.680Z,19.3921661,-155.2631683,-0.05,1.92,ml,12,69,0.006621,0.08,hv,hv70255672,2018-06-10T03:19:35.450Z,"5km SSW of Volcano, Hawaii",earthquake,0.28,0.22,0.31,7,automatic,hv,hv
2018-06-10T03:04:37.930Z,19.4144993,-155.2776642,0.98,2.02,md,14,61,0.006838,0.16,hv,hv70255632,2018-06-10T03:07:37.520Z,"4km WSW of Volcano, Hawaii",earthquake,0.26,0.4,0.27,10,automatic,hv,hv
2018-06-10T03:04:07.180Z,19.201334,-155.4871674,33.05,2.76,ml,16,146,0.04811,0.14,hv,hv70255627,2018-06-10T03:09:47.330Z,"0km WSW of Pahala, Hawaii",earthquake,0.83,1.7,0.19,6,automatic,hv,hv
2018-06-10T02:58:03.030Z,19.3969994,-155.2695007,0.37,2.53,ml,23,48,0.0035,0.24,hv,hv70255622,2018-06-10T03:03:42.910Z,"5km SW of Volcano, Hawaii",earthquake,0.27,0.33,0.46,12,automatic,hv,hv
2018-06-10T02:54:52.120Z,48.2428333,-121.6555,9.42,2.03,ml,10,102,0.188,0.27,uw,uw61384032,2018-06-10T14:43:56.475Z,"4km WSW of Darrington, Washington",earthquake,0.95,1.68,0.188,7,reviewed,uw,uw
2018-06-10T02:53:40.340Z,19.4230003,-155.3029938,0.07,2.24,ml,15,78,0.01135,0.32,hv,hv70255612,2018-06-10T02:59:22.100Z,"6km W of Volcano, Hawaii",earthquake,0.58,0.37,0.29,9,automatic,hv,hv
2018-06-10T02:53:09.780Z,19.3956661,-155.2696686,0.69,2.24,ml,16,70,0.003763,0.14,hv,hv70255607,2018-06-10T02:58:48.580Z,"5km SW of Volcano, Hawaii",earthquake,0.19,0.33,0.46,11,automatic,hv,hv
2018-06-10T02:50:57.510Z,19.3974991,-155.2595062,0.16,2.07,ml,18,96,0.006204,0.15,hv,hv70255602,2018-06-10T02:56:36.440Z,"4km SSW of Volcano, Hawaii",earthquake,0.18,0.21,0.22,9,automatic,hv,hv
2018-06-10T02:48:14.860Z,18.079,-67.0631,19,1.45,md,3,182,0.0862,0.2,pr,pr2018161002,2018-06-10T05:52:30.864Z,"1km W of San German, Puerto Rico",earthquake,3.05,1.82,0.11,3,reviewed,pr,pr
2018-06-10T02:46:51.070Z,19.4143333,-155.2776642,0.85,1.71,ml,16,55,0.006916,0.12,hv,hv70255592,2018-06-10T02:52:31.950Z,"4km WSW of Volcano, Hawaii",earthquake,0.26,0.36,0.42,10,automatic,hv,hv
2018-06-10T02:45:04.730Z,19.4095001,-155.2850037,0.14,1.98,ml,18,67,0.008164,0.12,hv,hv70255587,2018-06-10T02:50:44.580Z,"5km WSW of Volcano, Hawaii",earthquake,0.18,0.25,0.35,5,automatic,hv,hv
2018-06-10T02:36:17.190Z,19.4043331,-155.2746735,0.93,1.94,ml,14,66,0.008971,0.24,hv,hv70255557,2018-06-10T02:42:29.910Z,"4km SW of Volcano, Hawaii",earthquake,0.37,0.47,0.31,6,automatic,hv,hv
2018-06-10T02:24:30.460Z,19.4104996,-155.2695007,1.12,2.19,ml,21,47,0.00922,0.11,hv,hv70255507,2018-06-10T02:30:42.450Z,"4km SW of Volcano, Hawaii",earthquake,0.24,0.19,0.28,11,automatic,hv,hv
2018-06-10T02:23:35.640Z,51.4772,-174.8803,39.72,3.9,mb,,196,0.84,1.03,us,us1000emft,2018-06-10T10:18:48.569Z,"92km SSW of Atka, Alaska",earthquake,9.5,12.1,0.068,56,reviewed,us,us
2018-06-10T02:20:29.970Z,19.4074993,-155.2771606,0.28,2.04,ml,18,87,0.01204,0.14,hv,hv70255497,2018-06-10T02:26:40.100Z,"4km WSW of Volcano, Hawaii",earthquake,0.21,0.36,0.15,9,automatic,hv,hv
2018-06-10T02:16:00.980Z,19.4138336,-155.2798309,0.61,1.95,ml,20,61,0.005542,0.19,hv,hv70255487,2018-06-10T02:22:12.220Z,"4km WSW of Volcano, Hawaii",earthquake,0.22,0.25,0.18,7,automatic,hv,hv
2018-06-10T02:11:05.890Z,19.4096661,-155.2785034,0.64,1.73,md,17,62,0.009547,0.19,hv,hv70255477,2018-06-10T02:14:33.860Z,"4km WSW of Volcano, Hawaii",earthquake,0.23,0.34,0.37,13,automatic,hv,hv
2018-06-10T02:05:57.430Z,19.4158325,-155.2734985,0.23,2.08,ml,19,48,0.009681,0.1,hv,hv70255457,2018-06-10T02:12:13.410Z,"4km WSW of Volcano, Hawaii",earthquake,0.18,0.13,0.3,8,automatic,hv,hv
2018-06-10T02:01:59.820Z,19.4226665,-155.2720032,0.41,1.89,ml,19,52,0.005662,0.26,hv,hv70255447,2018-06-10T02:08:09.250Z,"3km WSW of Volcano, Hawaii",earthquake,0.24,0.17,0.24,7,automatic,hv,hv
2018-06-10T02:01:01.284Z,61.7317,-146.2065,30,2.8,ml,,,,0.85,ak,ak19745222,2018-06-10T02:37:08.040Z,"54km SW of Glennallen, Alaska",earthquake,,0.3,,,automatic,ak,ak
2018-06-10T02:00:37.010Z,19.4138336,-155.2819977,0.47,1.79,md,12,106,0.004293,0.12,hv,hv70255442,2018-06-10T02:04:06.670Z,"5km WSW of Volcano, Hawaii",earthquake,0.28,0.17,0.37,5,automatic,hv,hv
2018-06-10T01:56:47.970Z,19.4038334,-155.2879944,-0.06,2.06,ml,10,78,0.01424,0.17,hv,hv70255432,2018-06-10T02:03:00.420Z,"6km WSW of Volcano, Hawaii",earthquake,0.42,0.52,0.23,8,automatic,hv,hv
2018-06-10T01:55:34.310Z,19.3948326,-155.2656708,0.42,2.33,ml,18,82,0.003409,0.19,hv,hv70255422,2018-06-10T02:01:45.850Z,"4km SW of Volcano, Hawaii",earthquake,0.25,0.37,0.4,9,automatic,hv,hv
2018-06-10T01:51:07.870Z,19.4373341,-155.2839966,0.51,2.96,ml,11,280,0.01746,0.13,hv,hv70255417,2018-06-10T01:57:32.020Z,"4km W of Volcano, Hawaii",earthquake,1.37,0.4,0.3,10,automatic,hv,hv
2018-06-10T01:50:45.490Z,19.4211674,-155.2793274,0.74,2.64,ml,26,42,0.003935,0.19,hv,hv70255412,2018-06-10T01:56:56.010Z,"4km WSW of Volcano, Hawaii",earthquake,0.3,0.18,0.37,14,automatic,hv,hv
2018-06-10T01:49:53.950Z,19.4115009,-155.2610016,0.39,2.46,ml,22,55,0.001211,0.31,hv,hv70255407,2018-06-10T01:56:06.440Z,"3km SW of Volcano, Hawaii",earthquake,0.3,0.17,0.41,14,automatic,hv,hv
2018-06-10T01:49:02.350Z,19.3913326,-155.2680054,0.15,1.81,ml,14,77,0.006666,0.17,hv,hv70255402,2018-06-10T01:55:15.020Z,"5km SW of Volcano, Hawaii",earthquake,0.18,0.26,0.23,7,automatic,hv,hv
2018-06-10T01:47:29.836Z,63.0074,-144.1533,2.9,1.6,ml,,,,0.77,ak,ak19745201,2018-06-10T01:53:42.254Z,"69km WSW of Tok, Alaska",earthquake,,0.3,,,automatic,ak,ak
2018-06-10T01:42:08.480Z,19.4125004,-155.272995,1.34,1.93,ml,16,66,0.01239,0.1,hv,hv70255387,2018-06-10T01:48:18.990Z,"4km WSW of Volcano, Hawaii",earthquake,0.32,0.25,0.22,8,automatic,hv,hv
2018-06-10T01:39:15.540Z,19.4190006,-155.274826,1.66,1.76,md,16,42,0.006292,0.11,hv,hv70255372,2018-06-10T01:42:54.360Z,"4km WSW of Volcano, Hawaii",earthquake,0.27,0.27,0.14,9,automatic,hv,hv
2018-06-10T01:39:13.460Z,19.2758331,-155.3470001,10.25,2.42,ml,10,194,0.06791,0.18,hv,hv70255377,2018-06-10T01:46:31.960Z,"16km ENE of Pahala, Hawaii",earthquake,1.71,3.42,0.28,3,automatic,hv,hv
2018-06-10T01:35:44.510Z,19.3903332,-155.1021729,1.36,2.25,ml,7,133,0.00628,0.1,hv,hv70255367,2018-06-10T01:41:56.020Z,"13km S of Fern Acres, Hawaii",earthquake,1.23,0.24,0.18,4,automatic,hv,hv
2018-06-10T01:27:26.400Z,19.3118324,-155.2259979,11.27,2.27,ml,10,168,0.06242,0.35,hv,hv70255347,2018-06-10T01:33:38.260Z,"13km S of Volcano, Hawaii",earthquake,2.7,3.34,0.4,6,automatic,hv,hv
2018-06-10T01:26:43.640Z,19.3893337,-155.2821655,1.35,1.83,ml,11,83,0.002819,0.17,hv,hv70255342,2018-06-10T01:32:53.870Z,"6km SW of Volcano, Hawaii",earthquake,0.39,0.41,0.65,7,automatic,hv,hv
2018-06-10T01:25:20.060Z,37.6305008,-118.9676666,5.53,1.04,md,9,103,0.01477,0.02,nc,nc73028036,2018-06-10T01:58:02.186Z,"1km SE of Mammoth Lakes, CA",earthquake,0.78,2,0.21,8,automatic,nc,nc
2018-06-10T01:25:11.310Z,19.4123325,-155.2753296,0.31,1.87,ml,19,52,0.009828,0.15,hv,hv70255337,2018-06-10T01:31:33.620Z,"4km WSW of Volcano, Hawaii",earthquake,0.16,0.24,0.59,8,automatic,hv,hv
2018-06-10T01:24:10.810Z,19.4088326,-155.2794952,0.01,1.9,ml,19,78,0.009798,0.2,hv,hv70255332,2018-06-10T01:30:21.870Z,"5km WSW of Volcano, Hawaii",earthquake,0.21,0.28,0.25,7,automatic,hv,hv
2018-06-10T01:20:25.960Z,19.4143333,-155.276001,1.51,1.97,ml,20,50,0.008328,0.14,hv,hv70255322,2018-06-10T01:26:06.010Z,"4km WSW of Volcano, Hawaii",earthquake,0.25,0.26,0.28,10,automatic,hv,hv
2018-06-10T01:19:25.230Z,-6.0115,152.0536,10,4.6,mb,,114,1.811,0.5,us,us1000emfb,2018-06-10T02:46:52.040Z,"184km S of Kokopo, Papua New Guinea",earthquake,10.7,1.9,0.092,35,reviewed,us,us
2018-06-10T01:18:50.600Z,19.4136658,-155.2663269,0.16,1.79,ml,9,131,0.006287,0.13,hv,hv70255317,2018-06-10T01:24:34.610Z,"3km WSW of Volcano, Hawaii",earthquake,0.36,0.53,0.32,3,automatic,hv,hv
2018-06-10T01:14:26.910Z,19.4113331,-155.2669983,0.78,2.62,ml,34,44,0.006763,0.2,hv,hv70255312,2018-06-10T01:20:08.130Z,"3km SW of Volcano, Hawaii",earthquake,0.25,0.19,0.43,15,automatic,hv,hv
2018-06-10T01:13:46.170Z,34.4741667,-118.026,6.04,1.21,ml,18,92,0.05287,0.23,ci,ci38194912,2018-06-10T01:17:22.782Z,"6km SW of Littlerock, CA",earthquake,0.46,0.73,0.388,28,automatic,ci,ci
2018-06-10T01:12:52.280Z,19.4559994,-155.2920074,0.57,1.8,ml,10,316,0.03393,0.32,hv,hv70255302,2018-06-10T01:18:34.720Z,"6km WNW of Volcano, Hawaii",earthquake,2.63,1.37,2.3,7,automatic,hv,hv
2018-06-10T01:12:39.715Z,62.1808,-152.1106,103.6,1.7,ml,,,,0.41,ak,ak19744570,2018-06-10T01:18:10.308Z,"105km W of Talkeetna, Alaska",earthquake,,0.6,,,automatic,ak,ak
2018-06-10T01:03:25.380Z,15.1019,-94.0396,35,4.5,mwr,,140,2.176,1.16,us,us1000emem,2018-06-10T07:28:42.431Z,"100km SSW of Tres Picos, Mexico",earthquake,8.2,2,0.068,21,reviewed,us,us
2018-06-10T01:01:39.000Z,61.1513,-140.5248,6.3,1.3,ml,,,,0.31,ak,ak19744548,2018-06-10T01:14:36.460Z,"159km NE of Cape Yakataga, Alaska",earthquake,,0.4,,,automatic,ak,ak
2018-06-10T00:59:31.820Z,19.4091663,-155.2839966,0.32,2.04,ml,15,70,0.008452,0.08,hv,hv70255272,2018-06-10T01:05:13.350Z,"5km WSW of Volcano, Hawaii",earthquake,0.16,0.18,0.29,7,automatic,hv,hv
2018-06-10T00:58:24.120Z,19.3953342,-155.2624969,0.83,2.32,ml,20,92,0.004416,0.23,hv,hv70255267,2018-06-10T01:04:04.200Z,"4km SSW of Volcano, Hawaii",earthquake,0.28,0.29,0.35,10,automatic,hv,hv
2018-06-10T00:54:20.730Z,19.4011669,-155.2641602,0.48,1.87,ml,13,100,0.003404,0.15,hv,hv70255262,2018-06-10T01:00:00.970Z,"4km SW of Volcano, Hawaii",earthquake,0.25,0.33,0.2,3,automatic,hv,hv
2018-06-10T00:52:49.030Z,37.6293335,-118.9683304,5.31,1.15,md,10,122,0.01397,0.02,nc,nc73028031,2018-06-10T01:24:59.999Z,"1km SE of Mammoth Lakes, CA",earthquake,0.75,1.84,0.13,8,automatic,nc,nc
2018-06-10T00:46:32.860Z,19.4039993,-155.2866669,0.19,2.18,ml,19,63,0.01381,0.13,hv,hv70255237,2018-06-10T00:52:11.570Z,"5km WSW of Volcano, Hawaii",earthquake,0.17,0.22,0.28,9,automatic,hv,hv
2018-06-10T00:44:59.010Z,19.3999996,-155.2858276,0.41,1.86,md,11,90,0.01239,0.09,hv,hv70255232,2018-06-10T00:50:44.000Z,"6km SW of Volcano, Hawaii",earthquake,0.2,0.3,0.27,9,automatic,hv,hv
2018-06-10T00:29:17.950Z,61.191,-140.4844,1.51,3.9,ml,,27,0.36,0.92,us,us1000eme9,2018-06-10T01:42:49.251Z,"164km NE of Cape Yakataga, Alaska",earthquake,2,10.5,0.029,157,reviewed,us,us
2018-06-10T00:28:23.090Z,19.4183331,-155.2766724,1.42,1.86,ml,14,123,0.007039,0.18,hv,hv70255187,2018-06-10T00:35:08.200Z,"4km WSW of Volcano, Hawaii",earthquake,0.63,0.41,0.32,9,automatic,hv,hv
2018-06-10T00:28:21.890Z,19.4031658,-155.264328,5.64,1.85,ml,16,117,0.005155,0.18,hv,hv70255182,2018-06-10T00:34:32.450Z,"4km SW of Volcano, Hawaii",earthquake,0.89,0.99,0.56,9,automatic,hv,hv
2018-06-10T00:26:18.140Z,38.8096657,-122.8238297,1.49,2.19,md,37,53,0.004254,0.06,nc,nc73028026,2018-06-10T00:54:01.822Z,"7km WNW of The Geysers, CA",earthquake,0.19,0.26,0.11,14,automatic,nc,nc
2018-06-10T00:25:39.220Z,19.4069996,-155.2818298,0.48,1.94,ml,18,63,0.01082,0.12,hv,hv70255177,2018-06-10T00:31:57.490Z,"5km WSW of Volcano, Hawaii",earthquake,0.21,0.23,0.37,9,automatic,hv,hv
2018-06-10T00:25:11.790Z,19.4151669,-155.2576599,0.63,1.93,ml,11,189,0.00371,0.22,hv,hv70255172,2018-06-10T00:31:22.500Z,"2km SW of Volcano, Hawaii",earthquake,0.61,0.44,0.4,10,automatic,hv,hv
2018-06-10T00:19:11.430Z,34.0791667,-117.5093333,3.48,1.25,ml,32,57,0.01312,0.22,ci,ci38194904,2018-06-10T00:22:59.836Z,"5km WSW of Fontana, CA",earthquake,0.33,0.47,0.264,30,automatic,ci,ci
2018-06-10T00:18:16.470Z,18.2613,-66.1863,64,1.98,md,4,315,0.4349,0.22,pr,pr2018161001,2018-06-10T05:52:07.296Z,"6km NE of Comerio, Puerto Rico",earthquake,2.9,1.55,0.33,4,reviewed,pr,pr
2018-06-10T00:00:07.070Z,19.33,-67.0611,53,2.97,md,14,240,0.864,0.43,pr,pr2018161000,2018-06-10T05:51:46.800Z,"91km N of Isabela, Puerto Rico",earthquake,2.67,9.72,0.33,11,reviewed,pr,pr
2018-06-09T23:57:29.440Z,19.4018326,-155.2803345,-1.07,2.11,ml,12,51,0.01396,0.26,hv,hv70255062,2018-06-10T00:03:42.310Z,"5km SW of Volcano, Hawaii",earthquake,0.37,0.71,0.17,9,automatic,hv,hv
2018-06-09T23:57:28.450Z,19.4106674,-155.2861633,1.94,2.11,ml,21,85,0.007226,0.15,hv,hv70255072,2018-06-10T00:04:55.400Z,"5km WSW of Volcano, Hawaii",earthquake,0.29,0.16,0.24,9,automatic,hv,hv
2018-06-09T23:57:06.260Z,19.4009991,-155.258667,-0.62,2.11,ml,9,128,0.007473,0.19,hv,hv70255067,2018-06-10T00:04:20.040Z,"3km SSW of Volcano, Hawaii",earthquake,0.23,0.54,0.44,9,automatic,hv,hv
2018-06-09T23:52:55.220Z,19.3998337,-155.2606659,0.32,1.88,ml,9,118,0.005307,0.11,hv,hv70255047,2018-06-09T23:59:06.120Z,"4km SW of Volcano, Hawaii",earthquake,0.21,0.45,0.33,6,automatic,hv,hv
2018-06-09T23:50:35.200Z,34.0775,-117.5106667,2.45,0.9,ml,21,69,0.06547,0.2,ci,ci38194896,2018-06-09T23:54:13.401Z,"5km WSW of Fontana, CA",earthquake,0.39,0.59,0.205,22,automatic,ci,ci
2018-06-09T23:46:34.340Z,19.4076672,-155.2794952,0.34,1.94,ml,18,61,0.01085,0.12,hv,hv70255037,2018-06-09T23:52:44.750Z,"5km WSW of Volcano, Hawaii",earthquake,0.19,0.27,0.28,8,automatic,hv,hv
2018-06-09T23:38:46.129Z,58.2455,-155.0912,0.1,2,ml,,,,0.47,ak,ak19743826,2018-06-09T23:43:31.594Z,"102km NW of Larsen Bay, Alaska",earthquake,,0.3,,,automatic,ak,ak
2018-06-09T23:38:27.230Z,33.4873333,-116.79,3.98,1.35,ml,44,37,0.08944,0.22,ci,ci38194888,2018-06-10T14:56:28.960Z,"8km NE of Aguanga, CA",earthquake,0.21,0.64,0.119,26,reviewed,ci,ci
2018-06-09T23:29:05.010Z,37.3138351,-122.1196671,6.22,1.86,md,17,90,0.02711,0.12,nc,nc73028016,2018-06-10T00:21:02.634Z,"4km SSW of Loyola, CA",earthquake,0.38,0.47,0.2,14,automatic,nc,nc
2018-06-09T23:27:48.180Z,19.4274998,-155.2803345,-0.2,1.79,md,12,213,0.003765,0.19,hv,hv70254967,2018-06-09T23:31:22.430Z,"4km W of Volcano, Hawaii",earthquake,0.49,0.31,0.06,9,automatic,hv,hv
2018-06-09T23:23:47.790Z,34.0763333,-117.5095,3.81,1.35,ml,27,51,0.0141,0.19,ci,ci38194880,2018-06-10T14:57:47.140Z,"5km WSW of Fontana, CA",earthquake,0.3,0.62,0.189,31,reviewed,ci,ci
2018-06-09T23:20:25.330Z,19.4116669,-155.2821655,0.47,1.92,ml,20,66,0.006236,0.13,hv,hv70254942,2018-06-09T23:26:12.290Z,"5km WSW of Volcano, Hawaii",earthquake,0.21,0.21,0.31,7,automatic,hv,hv
2018-06-09T23:18:21.380Z,34.1171667,-117.3698333,15.88,0.97,ml,14,118,0.1113,0.36,ci,ci38194872,2018-06-09T23:21:56.574Z,"1km N of Rialto, CA",earthquake,0.9,2.16,0.168,19,automatic,ci,ci
2018-06-09T23:14:19.990Z,19.4003334,-155.2870026,-0.42,1.83,ml,11,137,0.01221,0.23,hv,hv70254922,2018-06-09T23:20:02.140Z,"6km WSW of Volcano, Hawaii",earthquake,0.26,0.65,0.16,8,automatic,hv,hv
2018-06-09T23:12:37.060Z,38.8084984,-122.793663,3.66,2.17,md,7,123,0.01594,0.01,nc,nc73028006,2018-06-09T23:56:01.501Z,"5km NW of The Geysers, CA",earthquake,0.62,2.23,,1,automatic,nc,nc
2018-06-09T23:09:01.290Z,19.4256668,-155.2741699,0.35,2.02,md,10,104,0.003344,0.19,hv,hv70254902,2018-06-09T23:11:55.260Z,"3km W of Volcano, Hawaii",earthquake,0.29,0.51,0.1,7,automatic,hv,hv
2018-06-09T23:07:42.262Z,58.2823,-156.019,5.6,1.6,ml,,,,0.61,ak,ak19743226,2018-06-09T23:13:01.715Z,"58km SE of King Salmon, Alaska",earthquake,,0.4,,,automatic,ak,ak
2018-06-09T23:05:18.460Z,19.4136658,-155.3023376,2.12,1.88,ml,14,172,0.01281,0.16,hv,hv70254882,2018-06-09T23:10:59.060Z,"7km WSW of Volcano, Hawaii",earthquake,0.7,0.4,0.21,7,automatic,hv,hv
2018-06-09T22:49:15.550Z,19.3928337,-155.2920074,2.29,1.86,ml,13,93,0.003384,0.2,hv,hv70254842,2018-06-09T22:54:55.880Z,"7km SW of Volcano, Hawaii",earthquake,0.47,0.69,0.25,3,automatic,hv,hv
2018-06-09T22:43:41.340Z,19.4238338,-155.2539978,0.33,2.41,ml,21,126,0.0066,0.28,hv,hv70254822,2018-06-09T22:49:21.650Z,"1km WSW of Volcano, Hawaii",earthquake,0.34,0.27,0.43,13,automatic,hv,hv
2018-06-09T22:36:35.730Z,-13.0253,45.6414,10,4.9,mb,,53,6.151,0.57,us,us1000emd6,2018-06-09T22:56:29.040Z,"46km ESE of Pamandzi, Mayotte",earthquake,9.6,1.9,0.067,69,reviewed,us,us
2018-06-09T22:33:13.360Z,19.4255009,-155.1778259,6.82,1.9,ml,10,317,0.07848,0.2,hv,hv70254792,2018-06-09T22:38:53.670Z,"6km E of Volcano, Hawaii",earthquake,2.34,3.72,0.23,3,automatic,hv,hv
2018-06-09T22:28:14.170Z,19.4155,-155.2735,0.94,2.65,ml,30,41,0.009985,0.08,hv,hv70254787,2018-06-10T07:44:52.920Z,"5km WSW of Volcano, Hawaii",earthquake,0.16,0.1,0.123,32,reviewed,hv,hv
2018-06-09T22:24:53.410Z,36.8737,27.5216,10.96,4,mb,,54,0.816,0.7,us,us1000emcy,2018-06-10T07:03:11.282Z,"20km SSE of Bodrum, Turkey",earthquake,4.5,6.3,0.157,11,reviewed,us,us
2018-06-09T22:19:39.010Z,19.3530006,-155.1066742,4.34,2.07,ml,39,134,0.03125,0.22,hv,hv70254762,2018-06-09T22:25:20.140Z,"16km ESE of Volcano, Hawaii",earthquake,0.5,0.85,3.6,6,automatic,hv,hv
2018-06-09T22:18:59.690Z,19.295166,-155.2496643,7.95,2.5,ml,7,152,0.0274,0.14,hv,hv70254757,2018-06-09T22:25:12.810Z,"15km S of Volcano, Hawaii",earthquake,0.94,1.36,0.32,5,automatic,hv,hv
2018-06-09T22:07:05.050Z,19.4098339,-155.2774963,0.37,1.81,ml,16,62,0.009973,0.12,hv,hv70254722,2018-06-09T22:12:47.550Z,"4km WSW of Volcano, Hawaii",earthquake,0.21,0.26,0.23,7,automatic,hv,hv
2018-06-09T21:53:07.200Z,41.731,-122.4895,12.52,1.05,ml,3,194,0.1123,0.01,uw,uw61383887,2018-06-09T23:55:05.770Z,"3km E of Montague, California",earthquake,0.72,1.28,0.112,3,reviewed,uw,uw
2018-06-09T21:49:16.220Z,43.0906,46.231,10,4.3,mb,,36,2.103,1.06,us,us1000emc8,2018-06-09T22:11:05.040Z,"3km ESE of Yalkhoy-Mokhk, Russia",earthquake,7,1.9,0.071,56,reviewed,us,us
2018-06-09T21:45:50.720Z,43.8007,145.9672,84.22,4.6,mb,,148,2.457,0.89,us,us1000emc5,2018-06-09T22:02:15.040Z,"27km SSE of Yuzhno-Kuril'sk, Russia",earthquake,8.2,7.7,0.047,133,reviewed,us,us
2018-06-09T21:45:21.340Z,19.4246674,-155.2651672,1.31,1.83,ml,18,126,0.003374,0.14,hv,hv70254667,2018-06-09T21:51:01.910Z,"2km WSW of Volcano, Hawaii",earthquake,0.34,0.26,0.24,9,automatic,hv,hv
2018-06-09T21:41:29.067Z,52.2091,-176.1052,181.7,2.8,ml,,,,0.6,ak,ak19742532,2018-06-09T23:17:56.290Z,"52km NE of Adak, Alaska",earthquake,,1.5,,,reviewed,ak,ak
2018-06-09T21:38:26.210Z,19.3756676,-155.2873383,1.41,1.84,ml,11,218,0.01204,0.24,hv,hv70254642,2018-06-09T21:44:04.750Z,"8km SW of Volcano, Hawaii",earthquake,0.67,0.71,0.17,3,automatic,hv,hv
2018-06-09T21:37:14.470Z,38.8195,-122.8399963,2.23,1.05,md,8,94,0.0053,0.03,nc,nc73027991,2018-06-09T22:36:00.967Z,"9km WNW of The Geysers, CA",earthquake,0.52,0.91,,1,automatic,nc,nc
2018-06-09T21:29:51.070Z,19.3973331,-155.2608337,0.25,2.03,ml,13,98,0.004989,0.11,hv,hv70254617,2018-06-09T21:35:36.000Z,"4km SSW of Volcano, Hawaii",earthquake,0.2,0.28,0.27,9,automatic,hv,hv
2018-06-09T21:29:08.560Z,19.4136658,-155.2853394,0.84,1.89,ml,15,71,0.004145,0.14,hv,hv70254612,2018-06-09T21:34:48.180Z,"5km WSW of Volcano, Hawaii",earthquake,0.33,0.34,0.32,9,automatic,hv,hv
2018-06-09T21:19:29.680Z,19.4153328,-155.2503357,1.11,2.28,ml,22,112,0.009567,0.3,hv,hv70254577,2018-06-09T21:25:09.450Z,"2km SW of Volcano, Hawaii",earthquake,0.45,0.34,0.26,12,automatic,hv,hv
2018-06-09T21:13:47.178Z,60.1142,-153.6663,155.2,1.9,ml,,,,1.11,ak,ak19741940,2018-06-09T21:22:06.213Z,"65km SW of Redoubt Volcano, Alaska",earthquake,,1.7,,,automatic,ak,ak
2018-06-09T20:59:00.950Z,19.4098339,-155.2866669,0.15,1.7,ml,19,69,0.008156,0.11,hv,hv70254512,2018-06-09T21:04:41.800Z,"5km WSW of Volcano, Hawaii",earthquake,0.17,0.18,0.28,8,automatic,hv,hv
2018-06-09T20:56:27.650Z,34.0416667,-117.6171667,0.45,1.11,ml,10,137,0.1351,0.22,ci,ci38194840,2018-06-09T21:00:12.836Z,"2km SE of Ontario, CA",earthquake,0.55,1.12,0.401,33,automatic,ci,ci
2018-06-09T20:53:12.020Z,-5.9051,152.0615,10,4.6,mb,,154,1.705,0.58,us,us1000embm,2018-06-09T23:01:54.040Z,"173km S of Kokopo, Papua New Guinea",earthquake,6.8,1.8,0.102,29,reviewed,us,us
2018-06-09T20:43:56.470Z,19.4173336,-155.2763367,0.44,2.13,ml,22,45,0.007332,0.21,hv,hv70254462,2018-06-09T20:49:36.910Z,"4km WSW of Volcano, Hawaii",earthquake,0.22,0.22,0.29,13,automatic,hv,hv
2018-06-09T20:43:04.145Z,36.9459,-117.7119,0,1,ml,10,219.13,0.292,0.1626,nn,nn00638983,2018-06-09T21:53:32.461Z,"49km NE of Lone Pine, California",earthquake,,4.2,0.33,6,reviewed,nn,nn
2018-06-09T20:22:53.510Z,19.4188328,-155.2791595,1.41,1.87,ml,18,58,0.004803,0.16,hv,hv70254407,2018-06-09T20:28:34.660Z,"4km WSW of Volcano, Hawaii",earthquake,0.25,0.24,0.26,8,automatic,hv,hv
2018-06-09T20:17:03.770Z,19.376667,-155.2826691,3.76,1.84,ml,14,186,0.009855,0.2,hv,hv70254392,2018-06-09T20:23:15.030Z,"7km SW of Volcano, Hawaii",earthquake,0.89,0.73,0.02,4,automatic,hv,hv
2018-06-09T20:09:48.130Z,36.4481667,-118.2388333,7.96,2.36,ml,16,143,0.1282,0.17,ci,ci38194816,2018-06-09T20:20:48.940Z,"22km SW of Lone Pine, CA",earthquake,0.83,1.4,0.135,26,automatic,ci,ci
2018-06-09T20:07:01.650Z,19.4060001,-155.2818298,0.34,1.74,md,10,122,0.0118,0.09,hv,hv70254352,2018-06-09T20:10:34.640Z,"5km WSW of Volcano, Hawaii",earthquake,0.31,0.45,0.24,4,automatic,hv,hv
2018-06-09T20:04:29.319Z,36.7473,-116.2732,9.9,0,ml,11,86.56,0.053,0.1422,nn,nn00638993,2018-06-09T23:13:32.318Z,"46km ESE of Beatty, Nevada",earthquake,,1.9,0.37,4,reviewed,nn,nn
2018-06-09T19:55:21.750Z,61.4954,-149.9812,46.2,2.3,ml,,,,0.7,ak,ak19741284,2018-06-09T20:03:59.355Z,"3km SSW of Big Lake, Alaska",earthquake,,0.7,,,automatic,ak,ak
2018-06-09T19:50:04.930Z,-5.8487,151.8823,56.53,5.1,mb,,42,1.67,0.81,us,us1000ema9,2018-06-09T20:05:35.040Z,"170km SSW of Kokopo, Papua New Guinea",earthquake,7.6,6.6,0.066,74,reviewed,us,us
2018-06-09T19:45:43.970Z,55.6877,161.2485,114.68,4,mb,,151,3.072,0.46,us,us1000ema8,2018-06-09T21:42:58.040Z,"97km SW of Ust'-Kamchatsk Staryy, Russia",earthquake,8.4,13.8,0.116,20,reviewed,us,us
2018-06-09T19:42:27.830Z,19.3968334,-155.2611694,0.94,2.13,ml,19,91,0.004799,0.15,hv,hv70254297,2018-06-09T19:48:09.390Z,"4km SSW of Volcano, Hawaii",earthquake,0.22,0.17,0.26,12,automatic,hv,hv
2018-06-09T19:42:17.500Z,19.4099998,-155.2630005,1.82,1.88,ml,8,74,0.003606,0.16,hv,hv70254292,2018-06-09T19:47:57.480Z,"3km SW of Volcano, Hawaii",earthquake,0.82,0.46,0.27,13,automatic,hv,hv
2018-06-09T19:38:27.220Z,19.5153332,-155.094162,4.24,2.39,ml,12,323,0.1795,0.31,hv,hv70254277,2018-06-09T19:44:10.730Z,"1km WNW of Fern Acres, Hawaii",earthquake,2.32,24.68,0.44,8,automatic,hv,hv
2018-06-09T19:33:50.170Z,33.181,-115.62,1.37,1.46,ml,12,108,0.003026,0.18,ci,ci38194800,2018-06-09T19:37:21.218Z,"12km SW of Niland, CA",earthquake,0.48,0.35,0.224,27,automatic,ci,ci
2018-06-09T19:25:20.250Z,19.4276676,-155.2409973,0.27,2.13,ml,7,173,0.01938,0.29,hv,hv70254227,2018-06-09T19:31:00.450Z,"0km SW of Volcano, Hawaii",earthquake,0.81,1.06,0.52,4,automatic,hv,hv
2018-06-09T19:22:47.340Z,19.555666,-155.14534,4.56,2.17,ml,12,338,0.1551,0.33,hv,hv70254217,2018-06-09T19:28:28.860Z,"3km W of Mountain View, Hawaii",earthquake,10.55,27.31,0.26,3,automatic,hv,hv
2018-06-09T19:19:10.140Z,19.4083328,-155.2811737,-0.23,2.32,ml,25,44,0.009682,0.29,hv,hv70254212,2018-06-09T19:24:55.430Z,"5km WSW of Volcano, Hawaii",earthquake,0.16,0.18,0.36,8,automatic,hv,hv
2018-06-09T19:19:05.790Z,19.4038334,-155.2793274,0.57,2.15,ml,19,58,0.009985,0.27,hv,hv70254207,2018-06-09T19:24:46.980Z,"5km SW of Volcano, Hawaii",earthquake,0.26,0.25,0.38,13,automatic,hv,hv
